id,confidence,correct,domain,model,seed,signal
encoder-42-fin-valid-0,0.2602617144584656,0,fin_valid,encoder,42,sent_conf_msp
encoder-42-fin-valid-1,0.43381720781326294,0,fin_valid,encoder,42,sent_conf_msp
encoder-42-fin-valid-2,1.0,1,fin_valid,encoder,42,sent_conf_msp
encoder-42-fin-valid-3,1.0,1,fin_valid,encoder,42,sent_conf_msp
encoder-42-fin-valid-4,1.0,1,fin_valid,encoder,42,sent_conf_msp
encoder-42-fin-valid-5,1.0,1,fin_valid,encoder,42,sent_conf_msp
encoder-42-fin-valid-6,1.0,1,fin_valid,encoder,42,sent_conf_msp
encoder-42-fin-valid-7,1.0,1,fin_valid,encoder,42,sent_conf_msp
encoder-42-fin-valid-8,0.97281813621521,1,fin_valid,encoder,42,sent_conf_msp
encoder-42-fin-valid-9,1.0,1,fin_valid,encoder,42,sent_conf_msp
encoder-42-fin-valid-10,1.0,1,fin_valid,encoder,42,sent_conf_msp
encoder-42-fin-valid-11,0.9683380722999573,1,fin_valid,encoder,42,sent_conf_msp
encoder-42-fin-valid-12,1.0,1,fin_valid,encoder,42,sent_conf_msp
encoder-42-fin-valid-13,0.9742431640625,1,fin_valid,encoder,42,sent_conf_msp
encoder-42-fin-valid-14,1.0,1,fin_valid,encoder,42,sent_conf_msp
encoder-42-fin-valid-15,0.9966754913330078,1,fin_valid,encoder,42,sent_conf_msp
encoder-42-fin-valid-16,1.0,1,fin_valid,encoder,42,sent_conf_msp
encoder-42-fin-valid-17,0.9749225378036499,1,fin_valid,encoder,42,sent_conf_msp
encoder-42-fin-valid-18,1.0,1,fin_valid,encoder,42,sent_conf_msp
encoder-42-fin-valid-19,0.9755669832229614,1,fin_valid,encoder,42,sent_conf_msp
encoder-42-fin-valid-20,0.9727374911308289,1,fin_valid,encoder,42,sent_conf_msp
encoder-42-fin-valid-21,0.9681121110916138,1,fin_valid,encoder,42,sent_conf_msp
encoder-42-fin-valid-22,0.9734670519828796,1,fin_valid,encoder,42,sent_conf_msp
encoder-42-fin-valid-23,1.0,1,fin_valid,encoder,42,sent_conf_msp
encoder-42-fin-valid-24,1.0,1,fin_valid,encoder,42,sent_conf_msp
encoder-42-fin-valid-25,0.9963507652282715,1,fin_valid,encoder,42,sent_conf_msp
encoder-42-fin-valid-26,1.0,1,fin_valid,encoder,42,sent_conf_msp
encoder-42-fin-valid-27,0.9759756326675415,1,fin_valid,encoder,42,sent_conf_msp
encoder-42-fin-valid-28,1.0,1,fin_valid,encoder,42,sent_conf_msp
encoder-42-fin-valid-29,0.9750683903694153,1,fin_valid,encoder,42,sent_conf_msp
encoder-42-fin-valid-30,0.3879493176937103,0,fin_valid,encoder,42,sent_conf_msp
encoder-42-fin-valid-31,1.0,1,fin_valid,encoder,42,sent_conf_msp
encoder-42-fin-valid-32,1.0,1,fin_valid,encoder,42,sent_conf_msp
encoder-42-fin-valid-33,1.0,1,fin_valid,encoder,42,sent_conf_msp
encoder-42-fin-valid-34,0.9754112362861633,1,fin_valid,encoder,42,sent_conf_msp
encoder-42-fin-valid-35,1.0,1,fin_valid,encoder,42,sent_conf_msp
encoder-42-fin-valid-36,0.9968187808990479,1,fin_valid,encoder,42,sent_conf_msp
encoder-42-fin-valid-37,1.0,1,fin_valid,encoder,42,sent_conf_msp
encoder-42-fin-valid-38,1.0,1,fin_valid,encoder,42,sent_conf_msp
encoder-42-fin-valid-39,1.0,1,fin_valid,encoder,42,sent_conf_msp
encoder-42-fin-valid-40,1.0,1,fin_valid,encoder,42,sent_conf_msp
encoder-42-fin-valid-41,0.9700071215629578,1,fin_valid,encoder,42,sent_conf_msp
encoder-42-fin-valid-42,1.0,1,fin_valid,encoder,42,sent_conf_msp
encoder-42-fin-valid-43,0.9966726303100586,1,fin_valid,encoder,42,sent_conf_msp
encoder-42-fin-valid-44,1.0,1,fin_valid,encoder,42,sent_conf_msp
encoder-42-fin-valid-45,1.0,1,fin_valid,encoder,42,sent_conf_msp
encoder-42-fin-valid-46,0.9775354266166687,1,fin_valid,encoder,42,sent_conf_msp
encoder-42-fin-valid-47,0.9969134330749512,1,fin_valid,encoder,42,sent_conf_msp
encoder-42-fin-valid-48,0.9761865139007568,1,fin_valid,encoder,42,sent_conf_msp
encoder-42-fin-valid-49,1.0,1,fin_valid,encoder,42,sent_conf_msp
encoder-42-fin-valid-50,0.9733603000640869,1,fin_valid,encoder,42,sent_conf_msp
encoder-42-fin-valid-51,0.9721227884292603,1,fin_valid,encoder,42,sent_conf_msp
encoder-42-fin-valid-52,0.9682419300079346,1,fin_valid,encoder,42,sent_conf_msp
encoder-42-fin-valid-53,1.0,1,fin_valid,encoder,42,sent_conf_msp
encoder-42-fin-valid-54,1.0,0,fin_valid,encoder,42,sent_conf_msp
encoder-42-fin-valid-55,1.0,1,fin_valid,encoder,42,sent_conf_msp
encoder-42-fin-valid-56,1.0,1,fin_valid,encoder,42,sent_conf_msp
encoder-42-fin-valid-57,0.9960628151893616,1,fin_valid,encoder,42,sent_conf_msp
encoder-42-fin-valid-58,1.0,0,fin_valid,encoder,42,sent_conf_msp
encoder-42-fin-valid-59,0.9708318114280701,1,fin_valid,encoder,42,sent_conf_msp
encoder-42-fin-valid-60,1.0,1,fin_valid,encoder,42,sent_conf_msp
encoder-42-fin-valid-61,1.0,1,fin_valid,encoder,42,sent_conf_msp
encoder-42-fin-valid-62,0.9745474457740784,1,fin_valid,encoder,42,sent_conf_msp
encoder-42-fin-valid-63,1.0,1,fin_valid,encoder,42,sent_conf_msp
encoder-42-fin-valid-64,0.9739721417427063,1,fin_valid,encoder,42,sent_conf_msp
encoder-42-fin-valid-65,1.0,1,fin_valid,encoder,42,sent_conf_msp
encoder-42-fin-valid-66,1.0,1,fin_valid,encoder,42,sent_conf_msp
encoder-42-fin-valid-67,0.9972372055053711,1,fin_valid,encoder,42,sent_conf_msp
encoder-42-fin-valid-68,1.0,1,fin_valid,encoder,42,sent_conf_msp
encoder-42-fin-valid-69,1.0,1,fin_valid,encoder,42,sent_conf_msp
encoder-42-fin-valid-70,0.9721825122833252,0,fin_valid,encoder,42,sent_conf_msp
encoder-42-fin-valid-71,1.0,1,fin_valid,encoder,42,sent_conf_msp
encoder-42-fin-valid-72,0.96819669008255,1,fin_valid,encoder,42,sent_conf_msp
encoder-42-fin-valid-73,1.0,1,fin_valid,encoder,42,sent_conf_msp
encoder-42-fin-valid-74,0.9961944818496704,1,fin_valid,encoder,42,sent_conf_msp
encoder-42-fin-valid-75,1.0,1,fin_valid,encoder,42,sent_conf_msp
encoder-42-fin-valid-76,0.9966219663619995,1,fin_valid,encoder,42,sent_conf_msp
encoder-42-fin-valid-77,0.9971965551376343,1,fin_valid,encoder,42,sent_conf_msp
encoder-42-fin-valid-78,0.9965088963508606,1,fin_valid,encoder,42,sent_conf_msp
encoder-42-fin-valid-79,1.0,1,fin_valid,encoder,42,sent_conf_msp
encoder-42-fin-valid-80,0.996594250202179,1,fin_valid,encoder,42,sent_conf_msp
encoder-42-fin-valid-81,1.0,1,fin_valid,encoder,42,sent_conf_msp
encoder-42-fin-valid-82,1.0,1,fin_valid,encoder,42,sent_conf_msp
encoder-42-fin-valid-83,0.9972493052482605,1,fin_valid,encoder,42,sent_conf_msp
encoder-42-fin-valid-84,1.0,1,fin_valid,encoder,42,sent_conf_msp
encoder-42-fin-valid-85,0.9710608124732971,1,fin_valid,encoder,42,sent_conf_msp
encoder-42-fin-valid-86,0.9747545719146729,1,fin_valid,encoder,42,sent_conf_msp
encoder-42-fin-valid-87,1.0,1,fin_valid,encoder,42,sent_conf_msp
encoder-42-fin-valid-88,0.9955689311027527,0,fin_valid,encoder,42,sent_conf_msp
encoder-42-fin-valid-89,1.0,1,fin_valid,encoder,42,sent_conf_msp
encoder-42-fin-valid-90,0.9963834285736084,1,fin_valid,encoder,42,sent_conf_msp
encoder-42-fin-valid-91,0.5006960034370422,1,fin_valid,encoder,42,sent_conf_msp
encoder-42-fin-valid-92,0.9960294961929321,1,fin_valid,encoder,42,sent_conf_msp
encoder-42-fin-valid-93,0.995829164981842,1,fin_valid,encoder,42,sent_conf_msp
encoder-42-fin-valid-94,1.0,1,fin_valid,encoder,42,sent_conf_msp
encoder-42-fin-valid-95,0.9970581531524658,1,fin_valid,encoder,42,sent_conf_msp
encoder-42-fin-valid-96,0.9966819882392883,1,fin_valid,encoder,42,sent_conf_msp
encoder-42-fin-valid-97,0.996807336807251,1,fin_valid,encoder,42,sent_conf_msp
encoder-42-fin-valid-98,1.0,1,fin_valid,encoder,42,sent_conf_msp
encoder-42-fin-valid-99,0.9778834581375122,1,fin_valid,encoder,42,sent_conf_msp
encoder-42-fin-valid-100,1.0,1,fin_valid,encoder,42,sent_conf_msp
encoder-42-fin-valid-101,0.9961106181144714,1,fin_valid,encoder,42,sent_conf_msp
encoder-42-fin-valid-102,1.0,1,fin_valid,encoder,42,sent_conf_msp
encoder-42-fin-valid-103,0.996672511100769,1,fin_valid,encoder,42,sent_conf_msp
encoder-42-fin-valid-104,0.9966661334037781,1,fin_valid,encoder,42,sent_conf_msp
encoder-42-fin-valid-105,1.0,1,fin_valid,encoder,42,sent_conf_msp
encoder-42-fin-valid-106,0.6132515668869019,0,fin_valid,encoder,42,sent_conf_msp
encoder-42-fin-valid-107,0.9705367088317871,1,fin_valid,encoder,42,sent_conf_msp
encoder-42-fin-valid-108,1.0,1,fin_valid,encoder,42,sent_conf_msp
encoder-42-fin-valid-109,0.9756689071655273,1,fin_valid,encoder,42,sent_conf_msp
encoder-42-fin-valid-110,1.0,1,fin_valid,encoder,42,sent_conf_msp
encoder-42-fin-valid-111,0.9753433465957642,1,fin_valid,encoder,42,sent_conf_msp
encoder-42-fin-valid-112,0.9748391509056091,1,fin_valid,encoder,42,sent_conf_msp
encoder-42-fin-valid-113,0.4386224150657654,0,fin_valid,encoder,42,sent_conf_msp
encoder-42-fin-valid-114,0.9760776162147522,1,fin_valid,encoder,42,sent_conf_msp
encoder-42-fin-valid-115,0.9723832011222839,1,fin_valid,encoder,42,sent_conf_msp
encoder-42-fin-valid-116,1.0,1,fin_valid,encoder,42,sent_conf_msp
encoder-42-fin-valid-117,0.9772205948829651,1,fin_valid,encoder,42,sent_conf_msp
encoder-42-fin-valid-118,1.0,1,fin_valid,encoder,42,sent_conf_msp
encoder-42-fin-valid-119,0.977471113204956,1,fin_valid,encoder,42,sent_conf_msp
encoder-42-fin-valid-120,1.0,1,fin_valid,encoder,42,sent_conf_msp
encoder-42-fin-valid-121,0.9964505434036255,1,fin_valid,encoder,42,sent_conf_msp
encoder-42-fin-valid-122,0.9697693586349487,1,fin_valid,encoder,42,sent_conf_msp
encoder-42-fin-valid-123,0.9720364809036255,1,fin_valid,encoder,42,sent_conf_msp
encoder-42-fin-valid-124,0.9734892845153809,1,fin_valid,encoder,42,sent_conf_msp
encoder-42-fin-valid-125,0.9738725423812866,1,fin_valid,encoder,42,sent_conf_msp
encoder-42-fin-valid-126,0.9709082841873169,1,fin_valid,encoder,42,sent_conf_msp
encoder-42-fin-valid-127,1.0,1,fin_valid,encoder,42,sent_conf_msp
encoder-42-fin-valid-128,0.9174506068229675,1,fin_valid,encoder,42,sent_conf_msp
encoder-42-fin-valid-129,0.9973207116127014,1,fin_valid,encoder,42,sent_conf_msp
encoder-42-fin-valid-130,0.7940456867218018,1,fin_valid,encoder,42,sent_conf_msp
encoder-42-fin-valid-131,1.0,1,fin_valid,encoder,42,sent_conf_msp
encoder-42-fin-valid-132,1.0,1,fin_valid,encoder,42,sent_conf_msp
encoder-42-fin-valid-133,1.0,1,fin_valid,encoder,42,sent_conf_msp
encoder-42-fin-valid-134,0.9967228770256042,1,fin_valid,encoder,42,sent_conf_msp
encoder-42-fin-valid-135,1.0,1,fin_valid,encoder,42,sent_conf_msp
encoder-42-fin-valid-136,0.9773617386817932,1,fin_valid,encoder,42,sent_conf_msp
encoder-42-fin-valid-137,1.0,1,fin_valid,encoder,42,sent_conf_msp
encoder-42-fin-valid-138,1.0,1,fin_valid,encoder,42,sent_conf_msp
encoder-42-fin-valid-139,0.9967324733734131,1,fin_valid,encoder,42,sent_conf_msp
encoder-42-fin-valid-140,1.0,1,fin_valid,encoder,42,sent_conf_msp
encoder-42-fin-valid-141,0.9971088767051697,1,fin_valid,encoder,42,sent_conf_msp
encoder-42-fin-valid-142,0.9970711469650269,1,fin_valid,encoder,42,sent_conf_msp
encoder-42-fin-valid-143,1.0,1,fin_valid,encoder,42,sent_conf_msp
encoder-42-fin-valid-144,0.9973168969154358,1,fin_valid,encoder,42,sent_conf_msp
encoder-42-fin-valid-145,1.0,1,fin_valid,encoder,42,sent_conf_msp
encoder-42-fin-valid-146,0.9972457885742188,1,fin_valid,encoder,42,sent_conf_msp
encoder-42-fin-valid-147,1.0,1,fin_valid,encoder,42,sent_conf_msp
encoder-42-fin-valid-148,0.9970621466636658,1,fin_valid,encoder,42,sent_conf_msp
encoder-42-fin-valid-149,1.0,1,fin_valid,encoder,42,sent_conf_msp
encoder-42-fin-test-0,0.3289793133735657,0,fin_test,encoder,42,sent_conf_msp
encoder-42-fin-test-1,0.5194716453552246,0,fin_test,encoder,42,sent_conf_msp
encoder-42-fin-test-2,1.0,1,fin_test,encoder,42,sent_conf_msp
encoder-42-fin-test-3,1.0,1,fin_test,encoder,42,sent_conf_msp
encoder-42-fin-test-4,1.0,1,fin_test,encoder,42,sent_conf_msp
encoder-42-fin-test-5,1.0,1,fin_test,encoder,42,sent_conf_msp
encoder-42-fin-test-6,1.0,1,fin_test,encoder,42,sent_conf_msp
encoder-42-fin-test-7,1.0,1,fin_test,encoder,42,sent_conf_msp
encoder-42-fin-test-8,1.0,1,fin_test,encoder,42,sent_conf_msp
encoder-42-fin-test-9,1.0,1,fin_test,encoder,42,sent_conf_msp
encoder-42-fin-test-10,1.0,1,fin_test,encoder,42,sent_conf_msp
encoder-42-fin-test-11,1.0,1,fin_test,encoder,42,sent_conf_msp
encoder-42-fin-test-12,1.0,1,fin_test,encoder,42,sent_conf_msp
encoder-42-fin-test-13,1.0,1,fin_test,encoder,42,sent_conf_msp
encoder-42-fin-test-14,1.0,1,fin_test,encoder,42,sent_conf_msp
encoder-42-fin-test-15,1.0,1,fin_test,encoder,42,sent_conf_msp
encoder-42-fin-test-16,1.0,1,fin_test,encoder,42,sent_conf_msp
encoder-42-fin-test-17,1.0,1,fin_test,encoder,42,sent_conf_msp
encoder-42-fin-test-18,0.26748085021972656,0,fin_test,encoder,42,sent_conf_msp
encoder-42-fin-test-19,0.31555822491645813,1,fin_test,encoder,42,sent_conf_msp
encoder-42-fin-test-20,0.3353670835494995,0,fin_test,encoder,42,sent_conf_msp
encoder-42-fin-test-21,0.994355320930481,1,fin_test,encoder,42,sent_conf_msp
encoder-42-fin-test-22,1.0,1,fin_test,encoder,42,sent_conf_msp
encoder-42-fin-test-23,1.0,1,fin_test,encoder,42,sent_conf_msp
encoder-42-fin-test-24,1.0,1,fin_test,encoder,42,sent_conf_msp
encoder-42-fin-test-25,1.0,1,fin_test,encoder,42,sent_conf_msp
encoder-42-fin-test-26,1.0,1,fin_test,encoder,42,sent_conf_msp
encoder-42-fin-test-27,1.0,1,fin_test,encoder,42,sent_conf_msp
encoder-42-fin-test-28,0.9947696328163147,1,fin_test,encoder,42,sent_conf_msp
encoder-42-fin-test-29,0.9966025352478027,1,fin_test,encoder,42,sent_conf_msp
encoder-42-fin-test-30,0.26811981201171875,0,fin_test,encoder,42,sent_conf_msp
encoder-42-fin-test-31,0.9969587326049805,1,fin_test,encoder,42,sent_conf_msp
encoder-42-fin-test-32,0.9969311952590942,1,fin_test,encoder,42,sent_conf_msp
encoder-42-fin-test-33,1.0,1,fin_test,encoder,42,sent_conf_msp
encoder-42-fin-test-34,0.3834405541419983,1,fin_test,encoder,42,sent_conf_msp
encoder-42-fin-test-35,1.0,1,fin_test,encoder,42,sent_conf_msp
encoder-42-fin-test-36,1.0,1,fin_test,encoder,42,sent_conf_msp
encoder-42-fin-test-37,0.995947539806366,1,fin_test,encoder,42,sent_conf_msp
encoder-42-fin-test-38,1.0,1,fin_test,encoder,42,sent_conf_msp
encoder-42-fin-test-40,0.28374210000038147,0,fin_test,encoder,42,sent_conf_msp
encoder-42-fin-test-41,1.0,1,fin_test,encoder,42,sent_conf_msp
encoder-42-fin-test-42,0.9956856966018677,1,fin_test,encoder,42,sent_conf_msp
encoder-42-fin-test-43,1.0,1,fin_test,encoder,42,sent_conf_msp
encoder-42-fin-test-44,1.0,1,fin_test,encoder,42,sent_conf_msp
encoder-42-fin-test-45,0.9964562058448792,1,fin_test,encoder,42,sent_conf_msp
encoder-42-fin-test-46,1.0,1,fin_test,encoder,42,sent_conf_msp
encoder-42-fin-test-47,0.9965211153030396,1,fin_test,encoder,42,sent_conf_msp
encoder-42-fin-test-48,1.0,1,fin_test,encoder,42,sent_conf_msp
encoder-42-fin-test-49,0.5160433650016785,0,fin_test,encoder,42,sent_conf_msp
encoder-42-fin-test-50,0.996971607208252,1,fin_test,encoder,42,sent_conf_msp
encoder-42-fin-test-51,0.9959995746612549,1,fin_test,encoder,42,sent_conf_msp
encoder-42-fin-test-52,0.9954421520233154,1,fin_test,encoder,42,sent_conf_msp
encoder-42-fin-test-53,0.9961440563201904,1,fin_test,encoder,42,sent_conf_msp
encoder-42-fin-test-54,1.0,1,fin_test,encoder,42,sent_conf_msp
encoder-42-fin-test-55,0.9957302212715149,1,fin_test,encoder,42,sent_conf_msp
encoder-42-fin-test-56,1.0,1,fin_test,encoder,42,sent_conf_msp
encoder-42-fin-test-57,0.9961287975311279,1,fin_test,encoder,42,sent_conf_msp
encoder-42-fin-test-58,1.0,1,fin_test,encoder,42,sent_conf_msp
encoder-42-fin-test-59,0.996785044670105,0,fin_test,encoder,42,sent_conf_msp
encoder-42-fin-test-60,1.0,1,fin_test,encoder,42,sent_conf_msp
encoder-42-fin-test-61,0.9962131977081299,0,fin_test,encoder,42,sent_conf_msp
encoder-42-fin-test-62,0.9960578680038452,1,fin_test,encoder,42,sent_conf_msp
encoder-42-fin-test-63,0.37047702074050903,0,fin_test,encoder,42,sent_conf_msp
encoder-42-fin-test-64,0.9962142109870911,1,fin_test,encoder,42,sent_conf_msp
encoder-42-fin-test-65,0.9950172305107117,1,fin_test,encoder,42,sent_conf_msp
encoder-42-fin-test-66,0.9964122176170349,1,fin_test,encoder,42,sent_conf_msp
encoder-42-fin-test-67,0.6129056215286255,0,fin_test,encoder,42,sent_conf_msp
encoder-42-fin-test-68,1.0,1,fin_test,encoder,42,sent_conf_msp
encoder-42-fin-test-69,1.0,1,fin_test,encoder,42,sent_conf_msp
encoder-42-fin-test-70,1.0,1,fin_test,encoder,42,sent_conf_msp
encoder-42-fin-test-71,1.0,1,fin_test,encoder,42,sent_conf_msp
encoder-42-fin-test-72,1.0,1,fin_test,encoder,42,sent_conf_msp
encoder-42-fin-test-73,1.0,1,fin_test,encoder,42,sent_conf_msp
encoder-42-fin-test-74,1.0,1,fin_test,encoder,42,sent_conf_msp
encoder-42-fin-test-75,1.0,1,fin_test,encoder,42,sent_conf_msp
encoder-42-fin-test-76,1.0,1,fin_test,encoder,42,sent_conf_msp
encoder-42-fin-test-77,1.0,1,fin_test,encoder,42,sent_conf_msp
encoder-42-fin-test-78,1.0,1,fin_test,encoder,42,sent_conf_msp
encoder-42-fin-test-79,0.3629800081253052,1,fin_test,encoder,42,sent_conf_msp
encoder-42-fin-test-80,0.2120783030986786,0,fin_test,encoder,42,sent_conf_msp
encoder-42-fin-test-81,0.23064690828323364,0,fin_test,encoder,42,sent_conf_msp
encoder-42-fin-test-82,1.0,1,fin_test,encoder,42,sent_conf_msp
encoder-42-fin-test-83,1.0,1,fin_test,encoder,42,sent_conf_msp
encoder-42-fin-test-84,1.0,1,fin_test,encoder,42,sent_conf_msp
encoder-42-fin-test-85,1.0,1,fin_test,encoder,42,sent_conf_msp
encoder-42-fin-test-86,1.0,1,fin_test,encoder,42,sent_conf_msp
encoder-42-fin-test-87,1.0,1,fin_test,encoder,42,sent_conf_msp
encoder-42-fin-test-88,1.0,1,fin_test,encoder,42,sent_conf_msp
encoder-42-fin-test-89,1.0,1,fin_test,encoder,42,sent_conf_msp
encoder-42-fin-test-90,1.0,1,fin_test,encoder,42,sent_conf_msp
encoder-42-fin-test-91,1.0,1,fin_test,encoder,42,sent_conf_msp
encoder-42-fin-test-92,1.0,1,fin_test,encoder,42,sent_conf_msp
encoder-42-fin-test-93,1.0,1,fin_test,encoder,42,sent_conf_msp
encoder-42-fin-test-96,1.0,1,fin_test,encoder,42,sent_conf_msp
encoder-42-fin-test-97,1.0,1,fin_test,encoder,42,sent_conf_msp
encoder-42-fin-test-98,0.513461709022522,0,fin_test,encoder,42,sent_conf_msp
encoder-42-fin-test-100,1.0,1,fin_test,encoder,42,sent_conf_msp
encoder-42-fin-test-101,1.0,1,fin_test,encoder,42,sent_conf_msp
encoder-42-fin-test-104,1.0,1,fin_test,encoder,42,sent_conf_msp
encoder-42-fin-test-105,1.0,1,fin_test,encoder,42,sent_conf_msp
encoder-42-fin-test-106,0.99445641040802,1,fin_test,encoder,42,sent_conf_msp
encoder-42-fin-test-107,1.0,1,fin_test,encoder,42,sent_conf_msp
encoder-42-fin-test-108,1.0,1,fin_test,encoder,42,sent_conf_msp
encoder-42-fin-test-109,1.0,1,fin_test,encoder,42,sent_conf_msp
encoder-42-fin-test-110,1.0,1,fin_test,encoder,42,sent_conf_msp
encoder-42-fin-test-111,1.0,1,fin_test,encoder,42,sent_conf_msp
encoder-42-fin-test-112,0.9954071044921875,1,fin_test,encoder,42,sent_conf_msp
encoder-42-fin-test-113,1.0,1,fin_test,encoder,42,sent_conf_msp
encoder-42-fin-test-114,1.0,1,fin_test,encoder,42,sent_conf_msp
encoder-42-fin-test-115,0.9945071339607239,1,fin_test,encoder,42,sent_conf_msp
encoder-42-fin-test-116,1.0,1,fin_test,encoder,42,sent_conf_msp
encoder-42-fin-test-117,1.0,1,fin_test,encoder,42,sent_conf_msp
encoder-42-fin-test-118,1.0,1,fin_test,encoder,42,sent_conf_msp
encoder-42-fin-test-119,0.19618414342403412,0,fin_test,encoder,42,sent_conf_msp
encoder-42-fin-test-120,0.6756327748298645,0,fin_test,encoder,42,sent_conf_msp
encoder-42-fin-test-121,1.0,1,fin_test,encoder,42,sent_conf_msp
encoder-42-fin-test-122,0.2511216402053833,0,fin_test,encoder,42,sent_conf_msp
encoder-42-fin-test-123,1.0,1,fin_test,encoder,42,sent_conf_msp
encoder-42-fin-test-124,0.32449060678482056,0,fin_test,encoder,42,sent_conf_msp
encoder-42-fin-test-125,0.23224076628684998,0,fin_test,encoder,42,sent_conf_msp
encoder-42-fin-test-126,1.0,1,fin_test,encoder,42,sent_conf_msp
encoder-42-fin-test-127,1.0,1,fin_test,encoder,42,sent_conf_msp
encoder-42-fin-test-128,1.0,1,fin_test,encoder,42,sent_conf_msp
encoder-42-fin-test-129,1.0,1,fin_test,encoder,42,sent_conf_msp
encoder-42-fin-test-130,1.0,1,fin_test,encoder,42,sent_conf_msp
encoder-42-fin-test-131,1.0,1,fin_test,encoder,42,sent_conf_msp
encoder-42-fin-test-132,1.0,1,fin_test,encoder,42,sent_conf_msp
encoder-42-fin-test-133,1.0,1,fin_test,encoder,42,sent_conf_msp
encoder-42-fin-test-134,0.6040666699409485,1,fin_test,encoder,42,sent_conf_msp
encoder-42-fin-test-135,0.9962754249572754,1,fin_test,encoder,42,sent_conf_msp
encoder-42-fin-test-136,0.9963156580924988,1,fin_test,encoder,42,sent_conf_msp
encoder-42-fin-test-137,0.9970186948776245,0,fin_test,encoder,42,sent_conf_msp
encoder-42-fin-test-138,0.9961913824081421,1,fin_test,encoder,42,sent_conf_msp
encoder-42-fin-test-139,0.47133171558380127,0,fin_test,encoder,42,sent_conf_msp
encoder-42-fin-test-140,1.0,1,fin_test,encoder,42,sent_conf_msp
encoder-42-fin-test-141,1.0,1,fin_test,encoder,42,sent_conf_msp
encoder-42-fin-test-142,0.7055427432060242,0,fin_test,encoder,42,sent_conf_msp
encoder-42-fin-test-143,1.0,1,fin_test,encoder,42,sent_conf_msp
encoder-42-fin-test-144,1.0,1,fin_test,encoder,42,sent_conf_msp
encoder-42-fin-test-145,0.5287466049194336,1,fin_test,encoder,42,sent_conf_msp
encoder-42-fin-test-146,1.0,1,fin_test,encoder,42,sent_conf_msp
encoder-42-fin-test-147,1.0,1,fin_test,encoder,42,sent_conf_msp
encoder-42-fin-test-148,0.9958786964416504,1,fin_test,encoder,42,sent_conf_msp
encoder-42-fin-test-149,0.9955137372016907,1,fin_test,encoder,42,sent_conf_msp
encoder-42-fin-test-150,0.9935548901557922,1,fin_test,encoder,42,sent_conf_msp
encoder-42-fin-test-151,0.9939730763435364,1,fin_test,encoder,42,sent_conf_msp
encoder-42-fin-test-152,0.9922710657119751,1,fin_test,encoder,42,sent_conf_msp
encoder-42-fin-test-153,1.0,1,fin_test,encoder,42,sent_conf_msp
encoder-42-fin-test-154,1.0,1,fin_test,encoder,42,sent_conf_msp
encoder-42-fin-test-155,1.0,0,fin_test,encoder,42,sent_conf_msp
encoder-42-fin-test-156,0.9931557774543762,1,fin_test,encoder,42,sent_conf_msp
encoder-42-fin-test-157,0.9970320463180542,1,fin_test,encoder,42,sent_conf_msp
encoder-42-fin-test-158,1.0,1,fin_test,encoder,42,sent_conf_msp
encoder-42-fin-test-159,1.0,0,fin_test,encoder,42,sent_conf_msp
encoder-42-fin-test-160,1.0,1,fin_test,encoder,42,sent_conf_msp
encoder-42-fin-test-161,1.0,1,fin_test,encoder,42,sent_conf_msp
encoder-42-fin-test-162,1.0,1,fin_test,encoder,42,sent_conf_msp
encoder-42-fin-test-163,1.0,1,fin_test,encoder,42,sent_conf_msp
encoder-42-fin-test-164,1.0,1,fin_test,encoder,42,sent_conf_msp
encoder-42-fin-test-165,1.0,1,fin_test,encoder,42,sent_conf_msp
encoder-42-fin-test-166,1.0,1,fin_test,encoder,42,sent_conf_msp
encoder-42-fin-test-167,0.9964963793754578,1,fin_test,encoder,42,sent_conf_msp
encoder-42-fin-test-168,0.996401309967041,1,fin_test,encoder,42,sent_conf_msp
encoder-42-fin-test-169,1.0,1,fin_test,encoder,42,sent_conf_msp
encoder-42-fin-test-170,0.9959576725959778,1,fin_test,encoder,42,sent_conf_msp
encoder-42-fin-test-171,0.9960475564002991,1,fin_test,encoder,42,sent_conf_msp
encoder-42-fin-test-172,1.0,1,fin_test,encoder,42,sent_conf_msp
encoder-42-fin-test-173,0.9969615340232849,1,fin_test,encoder,42,sent_conf_msp
encoder-42-fin-test-174,1.0,1,fin_test,encoder,42,sent_conf_msp
encoder-42-fin-test-175,0.9961361289024353,1,fin_test,encoder,42,sent_conf_msp
encoder-42-fin-test-176,1.0,0,fin_test,encoder,42,sent_conf_msp
encoder-42-fin-test-177,1.0,1,fin_test,encoder,42,sent_conf_msp
encoder-42-fin-test-178,0.7375931143760681,0,fin_test,encoder,42,sent_conf_msp
encoder-42-fin-test-179,0.7852708101272583,0,fin_test,encoder,42,sent_conf_msp
encoder-42-fin-test-180,1.0,0,fin_test,encoder,42,sent_conf_msp
encoder-42-fin-test-181,0.31043893098831177,1,fin_test,encoder,42,sent_conf_msp
encoder-42-fin-test-182,1.0,1,fin_test,encoder,42,sent_conf_msp
encoder-42-fin-test-183,1.0,1,fin_test,encoder,42,sent_conf_msp
encoder-42-fin-test-184,1.0,1,fin_test,encoder,42,sent_conf_msp
encoder-42-fin-test-185,1.0,1,fin_test,encoder,42,sent_conf_msp
encoder-42-fin-test-186,1.0,1,fin_test,encoder,42,sent_conf_msp
encoder-42-fin-test-187,0.996656060218811,1,fin_test,encoder,42,sent_conf_msp
encoder-42-fin-test-188,1.0,1,fin_test,encoder,42,sent_conf_msp
encoder-42-fin-test-189,1.0,1,fin_test,encoder,42,sent_conf_msp
encoder-42-fin-test-190,1.0,1,fin_test,encoder,42,sent_conf_msp
encoder-42-fin-test-191,1.0,1,fin_test,encoder,42,sent_conf_msp
encoder-42-fin-test-192,1.0,1,fin_test,encoder,42,sent_conf_msp
encoder-42-fin-test-193,1.0,1,fin_test,encoder,42,sent_conf_msp
encoder-42-fin-test-194,1.0,1,fin_test,encoder,42,sent_conf_msp
encoder-42-fin-test-195,1.0,1,fin_test,encoder,42,sent_conf_msp
encoder-42-fin-test-196,1.0,1,fin_test,encoder,42,sent_conf_msp
encoder-42-fin-test-197,0.9956062436103821,1,fin_test,encoder,42,sent_conf_msp
encoder-42-fin-test-198,0.9958032965660095,1,fin_test,encoder,42,sent_conf_msp
encoder-42-fin-test-199,1.0,1,fin_test,encoder,42,sent_conf_msp
encoder-42-fin-test-200,1.0,1,fin_test,encoder,42,sent_conf_msp
encoder-42-fin-test-201,1.0,1,fin_test,encoder,42,sent_conf_msp
encoder-42-fin-test-202,1.0,1,fin_test,encoder,42,sent_conf_msp
encoder-42-fin-test-203,1.0,1,fin_test,encoder,42,sent_conf_msp
encoder-42-fin-test-204,1.0,1,fin_test,encoder,42,sent_conf_msp
encoder-42-fin-test-205,1.0,1,fin_test,encoder,42,sent_conf_msp
encoder-42-fin-test-206,1.0,1,fin_test,encoder,42,sent_conf_msp
encoder-42-fin-test-207,1.0,1,fin_test,encoder,42,sent_conf_msp
encoder-42-fin-test-208,0.995724081993103,1,fin_test,encoder,42,sent_conf_msp
encoder-42-fin-test-209,1.0,1,fin_test,encoder,42,sent_conf_msp
encoder-42-fin-test-210,1.0,1,fin_test,encoder,42,sent_conf_msp
encoder-42-fin-test-211,1.0,1,fin_test,encoder,42,sent_conf_msp
encoder-42-fin-test-212,1.0,1,fin_test,encoder,42,sent_conf_msp
encoder-42-fin-test-213,1.0,1,fin_test,encoder,42,sent_conf_msp
encoder-42-fin-test-214,1.0,1,fin_test,encoder,42,sent_conf_msp
encoder-42-fin-test-215,1.0,1,fin_test,encoder,42,sent_conf_msp
encoder-42-fin-test-216,1.0,1,fin_test,encoder,42,sent_conf_msp
encoder-42-fin-test-217,1.0,1,fin_test,encoder,42,sent_conf_msp
encoder-42-fin-test-218,1.0,1,fin_test,encoder,42,sent_conf_msp
encoder-42-fin-test-219,1.0,1,fin_test,encoder,42,sent_conf_msp
encoder-42-fin-test-220,1.0,1,fin_test,encoder,42,sent_conf_msp
encoder-42-fin-test-221,1.0,1,fin_test,encoder,42,sent_conf_msp
encoder-42-fin-test-222,0.9969651103019714,1,fin_test,encoder,42,sent_conf_msp
encoder-42-fin-test-223,1.0,1,fin_test,encoder,42,sent_conf_msp
encoder-42-fin-test-224,1.0,1,fin_test,encoder,42,sent_conf_msp
encoder-42-fin-test-225,1.0,1,fin_test,encoder,42,sent_conf_msp
encoder-42-fin-test-226,1.0,1,fin_test,encoder,42,sent_conf_msp
encoder-42-fin-test-227,1.0,1,fin_test,encoder,42,sent_conf_msp
encoder-42-fin-test-228,1.0,1,fin_test,encoder,42,sent_conf_msp
encoder-42-fin-test-229,1.0,1,fin_test,encoder,42,sent_conf_msp
encoder-42-fin-test-230,1.0,1,fin_test,encoder,42,sent_conf_msp
encoder-42-fin-test-231,1.0,1,fin_test,encoder,42,sent_conf_msp
encoder-42-fin-test-232,1.0,1,fin_test,encoder,42,sent_conf_msp
encoder-42-fin-test-233,0.36373764276504517,0,fin_test,encoder,42,sent_conf_msp
encoder-42-fin-test-234,1.0,1,fin_test,encoder,42,sent_conf_msp
encoder-42-fin-test-235,1.0,1,fin_test,encoder,42,sent_conf_msp
encoder-42-fin-test-236,1.0,1,fin_test,encoder,42,sent_conf_msp
encoder-42-fin-test-237,1.0,1,fin_test,encoder,42,sent_conf_msp
encoder-42-fin-test-238,1.0,1,fin_test,encoder,42,sent_conf_msp
encoder-42-fin-test-239,1.0,1,fin_test,encoder,42,sent_conf_msp
encoder-42-fin-test-240,1.0,1,fin_test,encoder,42,sent_conf_msp
encoder-42-fin-test-241,1.0,1,fin_test,encoder,42,sent_conf_msp
encoder-42-fin-test-242,1.0,1,fin_test,encoder,42,sent_conf_msp
encoder-42-fin-test-243,1.0,1,fin_test,encoder,42,sent_conf_msp
encoder-42-fin-test-244,1.0,1,fin_test,encoder,42,sent_conf_msp
encoder-42-fin-test-245,0.5696220993995667,0,fin_test,encoder,42,sent_conf_msp
encoder-42-fin-test-246,1.0,1,fin_test,encoder,42,sent_conf_msp
encoder-42-fin-test-247,1.0,1,fin_test,encoder,42,sent_conf_msp
encoder-42-fin-test-248,1.0,1,fin_test,encoder,42,sent_conf_msp
encoder-42-fin-test-249,0.9940290451049805,1,fin_test,encoder,42,sent_conf_msp
encoder-42-fin-test-250,1.0,1,fin_test,encoder,42,sent_conf_msp
encoder-42-fin-test-251,1.0,1,fin_test,encoder,42,sent_conf_msp
encoder-42-fin-test-252,1.0,1,fin_test,encoder,42,sent_conf_msp
encoder-42-fin-test-253,0.2740524411201477,0,fin_test,encoder,42,sent_conf_msp
encoder-42-fin-test-254,1.0,1,fin_test,encoder,42,sent_conf_msp
encoder-42-fin-test-255,1.0,1,fin_test,encoder,42,sent_conf_msp
encoder-42-fin-test-256,0.30953308939933777,0,fin_test,encoder,42,sent_conf_msp
encoder-42-fin-test-257,1.0,1,fin_test,encoder,42,sent_conf_msp
encoder-42-fin-test-258,0.42136356234550476,0,fin_test,encoder,42,sent_conf_msp
encoder-42-fin-test-259,0.9648227691650391,1,fin_test,encoder,42,sent_conf_msp
encoder-42-fin-test-260,0.9765686988830566,1,fin_test,encoder,42,sent_conf_msp
encoder-42-fin-test-261,0.9713314771652222,1,fin_test,encoder,42,sent_conf_msp
encoder-42-fin-test-262,1.0,1,fin_test,encoder,42,sent_conf_msp
encoder-42-fin-test-263,1.0,1,fin_test,encoder,42,sent_conf_msp
encoder-42-fin-test-264,1.0,1,fin_test,encoder,42,sent_conf_msp
encoder-42-fin-test-265,1.0,1,fin_test,encoder,42,sent_conf_msp
encoder-42-fin-test-266,1.0,1,fin_test,encoder,42,sent_conf_msp
encoder-42-fin-test-267,1.0,1,fin_test,encoder,42,sent_conf_msp
encoder-42-fin-test-268,1.0,1,fin_test,encoder,42,sent_conf_msp
encoder-42-fin-test-269,1.0,1,fin_test,encoder,42,sent_conf_msp
encoder-42-fin-test-270,1.0,1,fin_test,encoder,42,sent_conf_msp
encoder-42-fin-test-271,0.9963638186454773,1,fin_test,encoder,42,sent_conf_msp
encoder-42-fin-test-272,0.41234225034713745,0,fin_test,encoder,42,sent_conf_msp
encoder-42-fin-test-273,1.0,1,fin_test,encoder,42,sent_conf_msp
encoder-42-fin-test-274,1.0,1,fin_test,encoder,42,sent_conf_msp
encoder-42-fin-test-275,1.0,1,fin_test,encoder,42,sent_conf_msp
encoder-42-fin-test-276,0.9555501937866211,1,fin_test,encoder,42,sent_conf_msp
encoder-42-fin-test-277,0.9582501649856567,1,fin_test,encoder,42,sent_conf_msp
encoder-42-fin-test-278,1.0,1,fin_test,encoder,42,sent_conf_msp
encoder-42-fin-test-279,1.0,1,fin_test,encoder,42,sent_conf_msp
encoder-42-fin-test-280,1.0,1,fin_test,encoder,42,sent_conf_msp
encoder-42-fin-test-281,0.9633986949920654,1,fin_test,encoder,42,sent_conf_msp
encoder-42-fin-test-282,1.0,1,fin_test,encoder,42,sent_conf_msp
encoder-42-fin-test-283,0.9971641898155212,1,fin_test,encoder,42,sent_conf_msp
encoder-42-fin-test-284,1.0,1,fin_test,encoder,42,sent_conf_msp
encoder-42-fin-test-285,1.0,1,fin_test,encoder,42,sent_conf_msp
encoder-42-fin-test-286,1.0,1,fin_test,encoder,42,sent_conf_msp
encoder-42-fin-test-287,0.9970225691795349,1,fin_test,encoder,42,sent_conf_msp
encoder-42-fin-test-288,0.9970822930335999,1,fin_test,encoder,42,sent_conf_msp
encoder-42-fin-test-289,1.0,1,fin_test,encoder,42,sent_conf_msp
encoder-42-fin-test-290,1.0,1,fin_test,encoder,42,sent_conf_msp
encoder-42-fin-test-291,1.0,1,fin_test,encoder,42,sent_conf_msp
encoder-42-fin-test-292,0.4723012149333954,1,fin_test,encoder,42,sent_conf_msp
encoder-42-fin-test-293,1.0,1,fin_test,encoder,42,sent_conf_msp
encoder-42-fin-test-294,0.9575371742248535,1,fin_test,encoder,42,sent_conf_msp
encoder-42-fin-test-295,1.0,1,fin_test,encoder,42,sent_conf_msp
encoder-42-fin-test-296,1.0,1,fin_test,encoder,42,sent_conf_msp
encoder-42-fin-test-297,1.0,1,fin_test,encoder,42,sent_conf_msp
encoder-42-fin-test-298,1.0,1,fin_test,encoder,42,sent_conf_msp
encoder-42-fin-test-299,1.0,1,fin_test,encoder,42,sent_conf_msp
encoder-42-fin-test-300,0.9173580408096313,1,fin_test,encoder,42,sent_conf_msp
encoder-42-fin-test-301,0.5903252363204956,1,fin_test,encoder,42,sent_conf_msp
encoder-42-fin-test-302,1.0,1,fin_test,encoder,42,sent_conf_msp
encoder-42-fin-test-303,0.2414357215166092,0,fin_test,encoder,42,sent_conf_msp
encoder-42-fin-test-304,0.18894898891448975,0,fin_test,encoder,42,sent_conf_msp
encoder-42-finer_ord-test-3,1.0,1,finer_ord_test,encoder,42,sent_conf_msp
encoder-42-finer_ord-test-5,1.0,1,finer_ord_test,encoder,42,sent_conf_msp
encoder-42-finer_ord-test-6,1.0,1,finer_ord_test,encoder,42,sent_conf_msp
encoder-42-finer_ord-test-11,1.0,0,finer_ord_test,encoder,42,sent_conf_msp
encoder-42-finer_ord-test-15,0.605243980884552,0,finer_ord_test,encoder,42,sent_conf_msp
encoder-42-finer_ord-test-17,1.0,1,finer_ord_test,encoder,42,sent_conf_msp
encoder-42-finer_ord-test-29,1.0,1,finer_ord_test,encoder,42,sent_conf_msp
encoder-42-finer_ord-test-32,1.0,1,finer_ord_test,encoder,42,sent_conf_msp
encoder-42-finer_ord-test-35,1.0,1,finer_ord_test,encoder,42,sent_conf_msp
encoder-42-finer_ord-test-36,1.0,1,finer_ord_test,encoder,42,sent_conf_msp
encoder-42-finer_ord-test-37,1.0,1,finer_ord_test,encoder,42,sent_conf_msp
encoder-42-finer_ord-test-39,1.0,1,finer_ord_test,encoder,42,sent_conf_msp
encoder-42-finer_ord-test-55,0.2428351491689682,0,finer_ord_test,encoder,42,sent_conf_msp
encoder-42-finer_ord-test-57,0.537708044052124,0,finer_ord_test,encoder,42,sent_conf_msp
encoder-42-finer_ord-test-58,0.3412005603313446,0,finer_ord_test,encoder,42,sent_conf_msp
encoder-42-finer_ord-test-61,1.0,1,finer_ord_test,encoder,42,sent_conf_msp
encoder-42-finer_ord-test-63,0.4450312554836273,1,finer_ord_test,encoder,42,sent_conf_msp
encoder-42-finer_ord-test-71,0.7885304689407349,0,finer_ord_test,encoder,42,sent_conf_msp
encoder-42-finer_ord-test-72,1.0,1,finer_ord_test,encoder,42,sent_conf_msp
encoder-42-finer_ord-test-76,0.25887659192085266,1,finer_ord_test,encoder,42,sent_conf_msp
encoder-42-finer_ord-test-77,0.4402337968349457,0,finer_ord_test,encoder,42,sent_conf_msp
encoder-42-finer_ord-test-81,0.8613656759262085,1,finer_ord_test,encoder,42,sent_conf_msp
encoder-42-finer_ord-test-82,0.2580377459526062,1,finer_ord_test,encoder,42,sent_conf_msp
encoder-42-finer_ord-test-83,0.3117978572845459,0,finer_ord_test,encoder,42,sent_conf_msp
encoder-42-finer_ord-test-84,0.42152902483940125,1,finer_ord_test,encoder,42,sent_conf_msp
encoder-42-finer_ord-test-90,0.33469536900520325,0,finer_ord_test,encoder,42,sent_conf_msp
encoder-42-finer_ord-test-91,1.0,1,finer_ord_test,encoder,42,sent_conf_msp
encoder-42-finer_ord-test-92,0.2534697651863098,0,finer_ord_test,encoder,42,sent_conf_msp
encoder-42-finer_ord-test-94,0.28378236293792725,0,finer_ord_test,encoder,42,sent_conf_msp
encoder-42-finer_ord-test-97,1.0,0,finer_ord_test,encoder,42,sent_conf_msp
encoder-42-finer_ord-test-98,0.3042103052139282,0,finer_ord_test,encoder,42,sent_conf_msp
encoder-42-finer_ord-test-101,0.8559075593948364,0,finer_ord_test,encoder,42,sent_conf_msp
encoder-42-finer_ord-test-107,1.0,1,finer_ord_test,encoder,42,sent_conf_msp
encoder-42-finer_ord-test-110,0.8330410122871399,0,finer_ord_test,encoder,42,sent_conf_msp
encoder-42-finer_ord-test-123,1.0,0,finer_ord_test,encoder,42,sent_conf_msp
encoder-42-finer_ord-test-124,1.0,0,finer_ord_test,encoder,42,sent_conf_msp
encoder-42-finer_ord-test-129,0.23510143160820007,0,finer_ord_test,encoder,42,sent_conf_msp
encoder-42-finer_ord-test-132,1.0,0,finer_ord_test,encoder,42,sent_conf_msp
encoder-42-finer_ord-test-133,1.0,1,finer_ord_test,encoder,42,sent_conf_msp
encoder-42-finer_ord-test-135,1.0,1,finer_ord_test,encoder,42,sent_conf_msp
encoder-42-finer_ord-test-139,0.339718222618103,0,finer_ord_test,encoder,42,sent_conf_msp
encoder-42-finer_ord-test-140,0.36108770966529846,0,finer_ord_test,encoder,42,sent_conf_msp
encoder-42-finer_ord-test-141,0.27844181656837463,0,finer_ord_test,encoder,42,sent_conf_msp
encoder-42-finer_ord-test-142,0.2689339518547058,0,finer_ord_test,encoder,42,sent_conf_msp
encoder-42-finer_ord-test-144,0.27926579117774963,0,finer_ord_test,encoder,42,sent_conf_msp
encoder-42-finer_ord-test-145,0.2780657410621643,0,finer_ord_test,encoder,42,sent_conf_msp
encoder-42-finer_ord-test-148,0.27862194180488586,0,finer_ord_test,encoder,42,sent_conf_msp
encoder-42-finer_ord-test-149,0.23950131237506866,0,finer_ord_test,encoder,42,sent_conf_msp
encoder-42-finer_ord-test-150,1.0,1,finer_ord_test,encoder,42,sent_conf_msp
encoder-42-finer_ord-test-152,0.3944288492202759,0,finer_ord_test,encoder,42,sent_conf_msp
encoder-42-finer_ord-test-154,1.0,1,finer_ord_test,encoder,42,sent_conf_msp
encoder-42-finer_ord-test-156,0.25667640566825867,0,finer_ord_test,encoder,42,sent_conf_msp
encoder-42-finer_ord-test-160,0.4384145438671112,0,finer_ord_test,encoder,42,sent_conf_msp
encoder-42-finer_ord-test-164,1.0,0,finer_ord_test,encoder,42,sent_conf_msp
encoder-42-finer_ord-test-169,0.32205435633659363,0,finer_ord_test,encoder,42,sent_conf_msp
encoder-42-finer_ord-test-171,0.24601858854293823,0,finer_ord_test,encoder,42,sent_conf_msp
encoder-42-finer_ord-test-173,0.40053531527519226,0,finer_ord_test,encoder,42,sent_conf_msp
encoder-42-finer_ord-test-179,0.26235610246658325,1,finer_ord_test,encoder,42,sent_conf_msp
encoder-42-finer_ord-test-182,1.0,1,finer_ord_test,encoder,42,sent_conf_msp
encoder-42-finer_ord-test-185,1.0,0,finer_ord_test,encoder,42,sent_conf_msp
encoder-42-finer_ord-test-186,0.3948192000389099,0,finer_ord_test,encoder,42,sent_conf_msp
encoder-42-finer_ord-test-190,0.3192526698112488,0,finer_ord_test,encoder,42,sent_conf_msp
encoder-42-finer_ord-test-201,0.30887627601623535,0,finer_ord_test,encoder,42,sent_conf_msp
encoder-42-finer_ord-test-207,1.0,0,finer_ord_test,encoder,42,sent_conf_msp
encoder-42-finer_ord-test-210,0.4936980605125427,0,finer_ord_test,encoder,42,sent_conf_msp
encoder-42-finer_ord-test-211,0.2845350503921509,1,finer_ord_test,encoder,42,sent_conf_msp
encoder-42-finer_ord-test-212,0.2416311502456665,0,finer_ord_test,encoder,42,sent_conf_msp
encoder-42-finer_ord-test-221,1.0,1,finer_ord_test,encoder,42,sent_conf_msp
encoder-42-finer_ord-test-227,1.0,0,finer_ord_test,encoder,42,sent_conf_msp
encoder-42-finer_ord-test-232,1.0,0,finer_ord_test,encoder,42,sent_conf_msp
encoder-42-finer_ord-test-234,0.49719756841659546,1,finer_ord_test,encoder,42,sent_conf_msp
encoder-42-finer_ord-test-239,1.0,1,finer_ord_test,encoder,42,sent_conf_msp
encoder-42-finer_ord-test-244,1.0,1,finer_ord_test,encoder,42,sent_conf_msp
encoder-42-finer_ord-test-246,0.319524884223938,0,finer_ord_test,encoder,42,sent_conf_msp
encoder-42-finer_ord-test-253,1.0,0,finer_ord_test,encoder,42,sent_conf_msp
encoder-42-finer_ord-test-264,1.0,1,finer_ord_test,encoder,42,sent_conf_msp
encoder-42-finer_ord-test-268,0.24858935177326202,0,finer_ord_test,encoder,42,sent_conf_msp
encoder-42-finer_ord-test-271,1.0,0,finer_ord_test,encoder,42,sent_conf_msp
encoder-42-finer_ord-test-280,0.42177560925483704,1,finer_ord_test,encoder,42,sent_conf_msp
encoder-42-finer_ord-test-284,1.0,1,finer_ord_test,encoder,42,sent_conf_msp
encoder-42-finer_ord-test-286,1.0,1,finer_ord_test,encoder,42,sent_conf_msp
encoder-42-finer_ord-test-289,1.0,1,finer_ord_test,encoder,42,sent_conf_msp
encoder-42-finer_ord-test-294,1.0,1,finer_ord_test,encoder,42,sent_conf_msp
encoder-42-finer_ord-test-295,0.45216086506843567,0,finer_ord_test,encoder,42,sent_conf_msp
encoder-42-finer_ord-test-296,1.0,1,finer_ord_test,encoder,42,sent_conf_msp
encoder-42-finer_ord-test-298,1.0,1,finer_ord_test,encoder,42,sent_conf_msp
encoder-42-finer_ord-test-302,0.2734858989715576,0,finer_ord_test,encoder,42,sent_conf_msp
encoder-42-finer_ord-test-303,0.27728164196014404,0,finer_ord_test,encoder,42,sent_conf_msp
encoder-42-finer_ord-test-304,1.0,0,finer_ord_test,encoder,42,sent_conf_msp
encoder-42-finer_ord-test-310,0.31548553705215454,1,finer_ord_test,encoder,42,sent_conf_msp
encoder-42-finer_ord-test-313,0.2809854745864868,1,finer_ord_test,encoder,42,sent_conf_msp
encoder-42-finer_ord-test-316,0.20451998710632324,0,finer_ord_test,encoder,42,sent_conf_msp
encoder-42-finer_ord-test-317,0.3836013078689575,1,finer_ord_test,encoder,42,sent_conf_msp
encoder-42-finer_ord-test-321,0.3522752523422241,1,finer_ord_test,encoder,42,sent_conf_msp
encoder-42-finer_ord-test-332,1.0,0,finer_ord_test,encoder,42,sent_conf_msp
encoder-42-finer_ord-test-335,1.0,1,finer_ord_test,encoder,42,sent_conf_msp
encoder-42-finer_ord-test-336,1.0,1,finer_ord_test,encoder,42,sent_conf_msp
encoder-42-finer_ord-test-338,0.7776450514793396,1,finer_ord_test,encoder,42,sent_conf_msp
encoder-42-finer_ord-test-342,0.4066077768802643,1,finer_ord_test,encoder,42,sent_conf_msp
encoder-42-finer_ord-test-346,0.3992326855659485,0,finer_ord_test,encoder,42,sent_conf_msp
encoder-42-finer_ord-test-348,1.0,0,finer_ord_test,encoder,42,sent_conf_msp
encoder-42-finer_ord-test-350,0.4031173288822174,0,finer_ord_test,encoder,42,sent_conf_msp
encoder-42-finer_ord-test-356,1.0,1,finer_ord_test,encoder,42,sent_conf_msp
encoder-42-finer_ord-test-357,0.4770156443119049,1,finer_ord_test,encoder,42,sent_conf_msp
encoder-42-finer_ord-test-361,1.0,1,finer_ord_test,encoder,42,sent_conf_msp
encoder-42-finer_ord-test-363,0.21019595861434937,0,finer_ord_test,encoder,42,sent_conf_msp
encoder-42-finer_ord-test-374,1.0,1,finer_ord_test,encoder,42,sent_conf_msp
encoder-42-finer_ord-test-376,1.0,1,finer_ord_test,encoder,42,sent_conf_msp
encoder-42-finer_ord-test-380,1.0,1,finer_ord_test,encoder,42,sent_conf_msp
encoder-42-finer_ord-test-392,0.3423771560192108,1,finer_ord_test,encoder,42,sent_conf_msp
encoder-42-finer_ord-test-398,0.5158475637435913,0,finer_ord_test,encoder,42,sent_conf_msp
encoder-42-finer_ord-test-402,1.0,1,finer_ord_test,encoder,42,sent_conf_msp
encoder-42-finer_ord-test-405,1.0,0,finer_ord_test,encoder,42,sent_conf_msp
encoder-42-finer_ord-test-409,0.4407309889793396,0,finer_ord_test,encoder,42,sent_conf_msp
encoder-42-finer_ord-test-413,0.4239071011543274,0,finer_ord_test,encoder,42,sent_conf_msp
encoder-42-finer_ord-test-416,0.33749645948410034,1,finer_ord_test,encoder,42,sent_conf_msp
encoder-42-finer_ord-test-417,0.3800956904888153,1,finer_ord_test,encoder,42,sent_conf_msp
encoder-42-finer_ord-test-420,0.24930326640605927,0,finer_ord_test,encoder,42,sent_conf_msp
encoder-42-finer_ord-test-422,1.0,1,finer_ord_test,encoder,42,sent_conf_msp
encoder-42-finer_ord-test-424,0.3470672369003296,0,finer_ord_test,encoder,42,sent_conf_msp
encoder-42-finer_ord-test-427,1.0,1,finer_ord_test,encoder,42,sent_conf_msp
encoder-42-finer_ord-test-434,1.0,1,finer_ord_test,encoder,42,sent_conf_msp
encoder-42-finer_ord-test-438,1.0,1,finer_ord_test,encoder,42,sent_conf_msp
encoder-42-finer_ord-test-440,1.0,1,finer_ord_test,encoder,42,sent_conf_msp
encoder-42-finer_ord-test-444,0.23272885382175446,0,finer_ord_test,encoder,42,sent_conf_msp
encoder-42-finer_ord-test-447,0.3086314797401428,0,finer_ord_test,encoder,42,sent_conf_msp
encoder-42-finer_ord-test-449,1.0,0,finer_ord_test,encoder,42,sent_conf_msp
encoder-42-finer_ord-test-466,1.0,0,finer_ord_test,encoder,42,sent_conf_msp
encoder-42-finer_ord-test-470,1.0,0,finer_ord_test,encoder,42,sent_conf_msp
encoder-42-finer_ord-test-476,1.0,0,finer_ord_test,encoder,42,sent_conf_msp
encoder-42-finer_ord-test-479,0.3547542989253998,0,finer_ord_test,encoder,42,sent_conf_msp
encoder-42-finer_ord-test-483,1.0,0,finer_ord_test,encoder,42,sent_conf_msp
encoder-42-finer_ord-test-484,1.0,0,finer_ord_test,encoder,42,sent_conf_msp
encoder-42-finer_ord-test-489,1.0,1,finer_ord_test,encoder,42,sent_conf_msp
encoder-42-finer_ord-test-495,1.0,0,finer_ord_test,encoder,42,sent_conf_msp
encoder-42-finer_ord-test-498,1.0,0,finer_ord_test,encoder,42,sent_conf_msp
encoder-42-finer_ord-test-502,0.2992250621318817,0,finer_ord_test,encoder,42,sent_conf_msp
encoder-42-finer_ord-test-510,0.5350432395935059,0,finer_ord_test,encoder,42,sent_conf_msp
encoder-42-finer_ord-test-511,1.0,1,finer_ord_test,encoder,42,sent_conf_msp
encoder-42-finer_ord-test-521,0.6314904689788818,1,finer_ord_test,encoder,42,sent_conf_msp
encoder-42-finer_ord-test-523,0.532133936882019,1,finer_ord_test,encoder,42,sent_conf_msp
encoder-42-finer_ord-test-526,0.4009712338447571,0,finer_ord_test,encoder,42,sent_conf_msp
encoder-42-finer_ord-test-527,1.0,1,finer_ord_test,encoder,42,sent_conf_msp
encoder-42-finer_ord-test-533,0.23006008565425873,0,finer_ord_test,encoder,42,sent_conf_msp
encoder-42-finer_ord-test-535,0.38819772005081177,0,finer_ord_test,encoder,42,sent_conf_msp
encoder-42-finer_ord-test-544,1.0,1,finer_ord_test,encoder,42,sent_conf_msp
encoder-42-finer_ord-test-545,0.45478498935699463,0,finer_ord_test,encoder,42,sent_conf_msp
encoder-42-finer_ord-test-547,1.0,1,finer_ord_test,encoder,42,sent_conf_msp
encoder-42-finer_ord-test-551,1.0,1,finer_ord_test,encoder,42,sent_conf_msp
encoder-42-finer_ord-test-552,1.0,0,finer_ord_test,encoder,42,sent_conf_msp
encoder-42-finer_ord-test-556,1.0,1,finer_ord_test,encoder,42,sent_conf_msp
encoder-42-finer_ord-test-558,0.26519814133644104,0,finer_ord_test,encoder,42,sent_conf_msp
encoder-42-finer_ord-test-559,1.0,1,finer_ord_test,encoder,42,sent_conf_msp
encoder-42-finer_ord-test-561,1.0,1,finer_ord_test,encoder,42,sent_conf_msp
encoder-42-finer_ord-test-563,0.26417285203933716,0,finer_ord_test,encoder,42,sent_conf_msp
encoder-42-finer_ord-test-566,1.0,0,finer_ord_test,encoder,42,sent_conf_msp
encoder-42-finer_ord-test-569,1.0,1,finer_ord_test,encoder,42,sent_conf_msp
encoder-42-finer_ord-test-571,1.0,0,finer_ord_test,encoder,42,sent_conf_msp
encoder-42-finer_ord-test-573,1.0,1,finer_ord_test,encoder,42,sent_conf_msp
encoder-42-finer_ord-test-576,1.0,1,finer_ord_test,encoder,42,sent_conf_msp
encoder-42-finer_ord-test-584,1.0,1,finer_ord_test,encoder,42,sent_conf_msp
encoder-42-finer_ord-test-586,1.0,0,finer_ord_test,encoder,42,sent_conf_msp
encoder-42-finer_ord-test-590,1.0,1,finer_ord_test,encoder,42,sent_conf_msp
encoder-42-finer_ord-test-593,1.0,0,finer_ord_test,encoder,42,sent_conf_msp
encoder-42-finer_ord-test-599,0.19598262012004852,0,finer_ord_test,encoder,42,sent_conf_msp
encoder-42-finer_ord-test-600,1.0,0,finer_ord_test,encoder,42,sent_conf_msp
encoder-42-finer_ord-test-601,1.0,0,finer_ord_test,encoder,42,sent_conf_msp
encoder-42-finer_ord-test-605,1.0,0,finer_ord_test,encoder,42,sent_conf_msp
encoder-42-finer_ord-test-609,0.24994905292987823,0,finer_ord_test,encoder,42,sent_conf_msp
encoder-42-finer_ord-test-611,1.0,0,finer_ord_test,encoder,42,sent_conf_msp
encoder-42-finer_ord-test-614,0.34221428632736206,0,finer_ord_test,encoder,42,sent_conf_msp
encoder-42-finer_ord-test-618,0.3343307375907898,0,finer_ord_test,encoder,42,sent_conf_msp
encoder-42-finer_ord-test-619,0.20413349568843842,0,finer_ord_test,encoder,42,sent_conf_msp
encoder-42-finer_ord-test-623,1.0,1,finer_ord_test,encoder,42,sent_conf_msp
encoder-42-finer_ord-test-624,1.0,1,finer_ord_test,encoder,42,sent_conf_msp
encoder-42-finer_ord-test-625,0.29445332288742065,0,finer_ord_test,encoder,42,sent_conf_msp
encoder-42-finer_ord-test-630,0.41714146733283997,0,finer_ord_test,encoder,42,sent_conf_msp
encoder-42-finer_ord-test-640,1.0,1,finer_ord_test,encoder,42,sent_conf_msp
encoder-42-finer_ord-test-641,0.3780736029148102,0,finer_ord_test,encoder,42,sent_conf_msp
encoder-42-finer_ord-test-643,1.0,1,finer_ord_test,encoder,42,sent_conf_msp
encoder-42-finer_ord-test-649,1.0,1,finer_ord_test,encoder,42,sent_conf_msp
encoder-42-finer_ord-test-653,1.0,1,finer_ord_test,encoder,42,sent_conf_msp
encoder-42-finer_ord-test-657,1.0,1,finer_ord_test,encoder,42,sent_conf_msp
encoder-42-finer_ord-test-659,1.0,0,finer_ord_test,encoder,42,sent_conf_msp
encoder-42-finer_ord-test-662,1.0,1,finer_ord_test,encoder,42,sent_conf_msp
encoder-42-finer_ord-test-664,1.0,1,finer_ord_test,encoder,42,sent_conf_msp
encoder-42-finer_ord-test-666,0.36737358570098877,0,finer_ord_test,encoder,42,sent_conf_msp
encoder-42-finer_ord-test-668,1.0,1,finer_ord_test,encoder,42,sent_conf_msp
encoder-42-finer_ord-test-677,1.0,1,finer_ord_test,encoder,42,sent_conf_msp
encoder-42-finer_ord-test-678,0.2749282419681549,0,finer_ord_test,encoder,42,sent_conf_msp
encoder-42-finer_ord-test-679,0.35654035210609436,0,finer_ord_test,encoder,42,sent_conf_msp
encoder-42-finer_ord-test-683,0.20719078183174133,0,finer_ord_test,encoder,42,sent_conf_msp
encoder-42-finer_ord-test-684,1.0,1,finer_ord_test,encoder,42,sent_conf_msp
encoder-42-finer_ord-test-695,1.0,1,finer_ord_test,encoder,42,sent_conf_msp
encoder-42-finer_ord-test-696,1.0,1,finer_ord_test,encoder,42,sent_conf_msp
encoder-42-finer_ord-test-699,1.0,1,finer_ord_test,encoder,42,sent_conf_msp
encoder-42-finer_ord-test-707,0.5215811729431152,0,finer_ord_test,encoder,42,sent_conf_msp
encoder-42-finer_ord-test-708,1.0,1,finer_ord_test,encoder,42,sent_conf_msp
encoder-42-finer_ord-test-709,1.0,1,finer_ord_test,encoder,42,sent_conf_msp
encoder-42-finer_ord-test-712,1.0,1,finer_ord_test,encoder,42,sent_conf_msp
encoder-42-finer_ord-test-714,1.0,0,finer_ord_test,encoder,42,sent_conf_msp
encoder-42-finer_ord-test-715,0.5159411430358887,1,finer_ord_test,encoder,42,sent_conf_msp
encoder-42-finer_ord-test-721,0.1937628537416458,0,finer_ord_test,encoder,42,sent_conf_msp
encoder-42-finer_ord-test-724,1.0,0,finer_ord_test,encoder,42,sent_conf_msp
encoder-42-finer_ord-test-726,1.0,1,finer_ord_test,encoder,42,sent_conf_msp
encoder-42-finer_ord-test-727,1.0,1,finer_ord_test,encoder,42,sent_conf_msp
encoder-42-finer_ord-test-730,1.0,1,finer_ord_test,encoder,42,sent_conf_msp
encoder-42-finer_ord-test-739,1.0,1,finer_ord_test,encoder,42,sent_conf_msp
encoder-42-finer_ord-test-740,1.0,1,finer_ord_test,encoder,42,sent_conf_msp
encoder-42-finer_ord-test-743,1.0,1,finer_ord_test,encoder,42,sent_conf_msp
encoder-42-finer_ord-test-750,1.0,1,finer_ord_test,encoder,42,sent_conf_msp
encoder-42-finer_ord-test-753,1.0,1,finer_ord_test,encoder,42,sent_conf_msp
encoder-42-finer_ord-test-755,1.0,1,finer_ord_test,encoder,42,sent_conf_msp
encoder-42-finer_ord-test-756,1.0,1,finer_ord_test,encoder,42,sent_conf_msp
encoder-42-finer_ord-test-760,1.0,1,finer_ord_test,encoder,42,sent_conf_msp
encoder-42-finer_ord-test-761,1.0,1,finer_ord_test,encoder,42,sent_conf_msp
encoder-42-finer_ord-test-763,1.0,1,finer_ord_test,encoder,42,sent_conf_msp
encoder-42-finer_ord-test-768,1.0,1,finer_ord_test,encoder,42,sent_conf_msp
encoder-42-finer_ord-test-771,1.0,1,finer_ord_test,encoder,42,sent_conf_msp
encoder-42-finer_ord-test-772,1.0,1,finer_ord_test,encoder,42,sent_conf_msp
encoder-42-finer_ord-test-777,1.0,1,finer_ord_test,encoder,42,sent_conf_msp
encoder-42-finer_ord-test-779,1.0,1,finer_ord_test,encoder,42,sent_conf_msp
encoder-42-finer_ord-test-780,1.0,1,finer_ord_test,encoder,42,sent_conf_msp
encoder-42-finer_ord-test-790,1.0,1,finer_ord_test,encoder,42,sent_conf_msp
encoder-42-finer_ord-test-801,1.0,1,finer_ord_test,encoder,42,sent_conf_msp
encoder-42-finer_ord-test-805,0.23430386185646057,0,finer_ord_test,encoder,42,sent_conf_msp
encoder-42-finer_ord-test-808,0.7866841554641724,1,finer_ord_test,encoder,42,sent_conf_msp
encoder-42-finer_ord-test-809,0.566618800163269,0,finer_ord_test,encoder,42,sent_conf_msp
encoder-42-finer_ord-test-812,0.3112272322177887,0,finer_ord_test,encoder,42,sent_conf_msp
encoder-42-finer_ord-test-815,0.5683197975158691,0,finer_ord_test,encoder,42,sent_conf_msp
encoder-42-finer_ord-test-819,1.0,0,finer_ord_test,encoder,42,sent_conf_msp
encoder-42-finer_ord-test-820,0.43179190158843994,0,finer_ord_test,encoder,42,sent_conf_msp
encoder-42-finer_ord-test-822,1.0,0,finer_ord_test,encoder,42,sent_conf_msp
encoder-42-finer_ord-test-835,0.5891535878181458,0,finer_ord_test,encoder,42,sent_conf_msp
encoder-42-finer_ord-test-836,1.0,0,finer_ord_test,encoder,42,sent_conf_msp
encoder-42-finer_ord-test-838,1.0,1,finer_ord_test,encoder,42,sent_conf_msp
encoder-42-finer_ord-test-840,0.3096306622028351,0,finer_ord_test,encoder,42,sent_conf_msp
encoder-42-finer_ord-test-849,0.3369058668613434,0,finer_ord_test,encoder,42,sent_conf_msp
encoder-42-finer_ord-test-852,0.7725975513458252,1,finer_ord_test,encoder,42,sent_conf_msp
encoder-42-finer_ord-test-862,0.46645301580429077,1,finer_ord_test,encoder,42,sent_conf_msp
encoder-42-finer_ord-test-864,0.3050626516342163,0,finer_ord_test,encoder,42,sent_conf_msp
encoder-42-finer_ord-test-873,0.3143037259578705,0,finer_ord_test,encoder,42,sent_conf_msp
encoder-42-finer_ord-test-878,1.0,0,finer_ord_test,encoder,42,sent_conf_msp
encoder-42-finer_ord-test-886,1.0,0,finer_ord_test,encoder,42,sent_conf_msp
encoder-42-finer_ord-test-889,1.0,1,finer_ord_test,encoder,42,sent_conf_msp
encoder-42-finer_ord-test-893,1.0,1,finer_ord_test,encoder,42,sent_conf_msp
encoder-42-finer_ord-test-896,1.0,0,finer_ord_test,encoder,42,sent_conf_msp
encoder-42-finer_ord-test-900,1.0,1,finer_ord_test,encoder,42,sent_conf_msp
encoder-42-finer_ord-test-902,1.0,0,finer_ord_test,encoder,42,sent_conf_msp
encoder-42-finer_ord-test-908,0.4530256986618042,0,finer_ord_test,encoder,42,sent_conf_msp
encoder-42-finer_ord-test-911,0.3327575623989105,0,finer_ord_test,encoder,42,sent_conf_msp
encoder-42-finer_ord-test-914,1.0,1,finer_ord_test,encoder,42,sent_conf_msp
encoder-42-finer_ord-test-917,1.0,0,finer_ord_test,encoder,42,sent_conf_msp
encoder-42-finer_ord-test-928,0.5622079372406006,0,finer_ord_test,encoder,42,sent_conf_msp
encoder-42-finer_ord-test-930,1.0,1,finer_ord_test,encoder,42,sent_conf_msp
encoder-42-finer_ord-test-935,1.0,0,finer_ord_test,encoder,42,sent_conf_msp
encoder-42-finer_ord-test-936,1.0,0,finer_ord_test,encoder,42,sent_conf_msp
encoder-42-finer_ord-test-938,1.0,0,finer_ord_test,encoder,42,sent_conf_msp
encoder-42-finer_ord-test-941,0.328794926404953,0,finer_ord_test,encoder,42,sent_conf_msp
encoder-42-finer_ord-test-943,0.29161036014556885,0,finer_ord_test,encoder,42,sent_conf_msp
encoder-42-finer_ord-test-949,1.0,1,finer_ord_test,encoder,42,sent_conf_msp
encoder-42-finer_ord-test-951,1.0,1,finer_ord_test,encoder,42,sent_conf_msp
encoder-42-finer_ord-test-954,1.0,0,finer_ord_test,encoder,42,sent_conf_msp
encoder-42-finer_ord-test-958,1.0,1,finer_ord_test,encoder,42,sent_conf_msp
encoder-42-finer_ord-test-964,0.29191696643829346,0,finer_ord_test,encoder,42,sent_conf_msp
encoder-42-finer_ord-test-967,1.0,1,finer_ord_test,encoder,42,sent_conf_msp
encoder-42-finer_ord-test-968,1.0,0,finer_ord_test,encoder,42,sent_conf_msp
encoder-42-finer_ord-test-971,1.0,0,finer_ord_test,encoder,42,sent_conf_msp
encoder-42-finer_ord-test-974,1.0,1,finer_ord_test,encoder,42,sent_conf_msp
encoder-42-finer_ord-test-978,1.0,1,finer_ord_test,encoder,42,sent_conf_msp
encoder-42-finer_ord-test-982,1.0,0,finer_ord_test,encoder,42,sent_conf_msp
encoder-42-finer_ord-test-983,1.0,0,finer_ord_test,encoder,42,sent_conf_msp
encoder-42-finer_ord-test-985,0.3429605960845947,0,finer_ord_test,encoder,42,sent_conf_msp
encoder-42-finer_ord-test-991,0.8397388458251953,0,finer_ord_test,encoder,42,sent_conf_msp
encoder-42-finer_ord-test-993,0.36042842268943787,0,finer_ord_test,encoder,42,sent_conf_msp
encoder-42-finer_ord-test-994,0.3289650082588196,1,finer_ord_test,encoder,42,sent_conf_msp
encoder-42-finer_ord-test-995,1.0,0,finer_ord_test,encoder,42,sent_conf_msp
encoder-42-finer_ord-test-996,1.0,1,finer_ord_test,encoder,42,sent_conf_msp
encoder-42-finer_ord-test-1004,0.7943296432495117,1,finer_ord_test,encoder,42,sent_conf_msp
encoder-42-finer_ord-test-1009,1.0,0,finer_ord_test,encoder,42,sent_conf_msp
encoder-42-finer_ord-test-1015,1.0,1,finer_ord_test,encoder,42,sent_conf_msp
encoder-42-finer_ord-test-1016,0.32092422246932983,0,finer_ord_test,encoder,42,sent_conf_msp
encoder-42-finer_ord-test-1022,0.36264845728874207,0,finer_ord_test,encoder,42,sent_conf_msp
encoder-42-finer_ord-test-1023,1.0,1,finer_ord_test,encoder,42,sent_conf_msp
encoder-42-finer_ord-test-1025,1.0,1,finer_ord_test,encoder,42,sent_conf_msp
encoder-42-finer_ord-test-1027,1.0,1,finer_ord_test,encoder,42,sent_conf_msp
encoder-42-finer_ord-test-1030,0.24178163707256317,0,finer_ord_test,encoder,42,sent_conf_msp
encoder-42-finer_ord-test-1032,1.0,1,finer_ord_test,encoder,42,sent_conf_msp
encoder-42-finer_ord-test-1034,1.0,1,finer_ord_test,encoder,42,sent_conf_msp
encoder-42-finer_ord-test-1037,1.0,1,finer_ord_test,encoder,42,sent_conf_msp
encoder-42-finer_ord-test-1040,0.5441766977310181,0,finer_ord_test,encoder,42,sent_conf_msp
encoder-42-finer_ord-test-1042,1.0,1,finer_ord_test,encoder,42,sent_conf_msp
encoder-42-finer_ord-test-1045,0.2736819088459015,0,finer_ord_test,encoder,42,sent_conf_msp
encoder-42-finer_ord-test-1053,0.47626739740371704,0,finer_ord_test,encoder,42,sent_conf_msp
encoder-42-finer_ord-test-1054,1.0,1,finer_ord_test,encoder,42,sent_conf_msp
encoder-42-finer_ord-test-1055,1.0,0,finer_ord_test,encoder,42,sent_conf_msp
encoder-42-finer_ord-test-1056,1.0,0,finer_ord_test,encoder,42,sent_conf_msp
encoder-42-finer_ord-test-1062,1.0,0,finer_ord_test,encoder,42,sent_conf_msp
encoder-42-finer_ord-test-1063,0.332414835691452,0,finer_ord_test,encoder,42,sent_conf_msp
encoder-42-finer_ord-test-1067,1.0,0,finer_ord_test,encoder,42,sent_conf_msp
encoder-42-tweetner7-test2021-0,0.2542785704135895,0,tweetner7_test,encoder,42,sent_conf_msp
encoder-42-tweetner7-test2021-11,1.0,0,tweetner7_test,encoder,42,sent_conf_msp
encoder-42-tweetner7-test2021-14,0.25553908944129944,0,tweetner7_test,encoder,42,sent_conf_msp
encoder-42-tweetner7-test2021-24,0.4040628671646118,0,tweetner7_test,encoder,42,sent_conf_msp
encoder-42-tweetner7-test2021-26,0.2084106057882309,0,tweetner7_test,encoder,42,sent_conf_msp
encoder-42-tweetner7-test2021-37,0.23578990995883942,0,tweetner7_test,encoder,42,sent_conf_msp
encoder-42-tweetner7-test2021-53,0.29554685950279236,0,tweetner7_test,encoder,42,sent_conf_msp
encoder-42-tweetner7-test2021-54,1.0,0,tweetner7_test,encoder,42,sent_conf_msp
encoder-42-tweetner7-test2021-56,0.24640610814094543,0,tweetner7_test,encoder,42,sent_conf_msp
encoder-42-tweetner7-test2021-63,1.0,1,tweetner7_test,encoder,42,sent_conf_msp
encoder-42-tweetner7-test2021-72,0.3903570771217346,0,tweetner7_test,encoder,42,sent_conf_msp
encoder-42-tweetner7-test2021-78,1.0,0,tweetner7_test,encoder,42,sent_conf_msp
encoder-42-tweetner7-test2021-80,0.21482519805431366,0,tweetner7_test,encoder,42,sent_conf_msp
encoder-42-tweetner7-test2021-84,0.2970419228076935,0,tweetner7_test,encoder,42,sent_conf_msp
encoder-42-tweetner7-test2021-94,0.2806502878665924,0,tweetner7_test,encoder,42,sent_conf_msp
encoder-42-tweetner7-test2021-101,1.0,0,tweetner7_test,encoder,42,sent_conf_msp
encoder-42-tweetner7-test2021-102,0.29541611671447754,0,tweetner7_test,encoder,42,sent_conf_msp
encoder-42-tweetner7-test2021-111,0.2760224938392639,0,tweetner7_test,encoder,42,sent_conf_msp
encoder-42-tweetner7-test2021-112,0.3740188181400299,0,tweetner7_test,encoder,42,sent_conf_msp
encoder-42-tweetner7-test2021-119,1.0,1,tweetner7_test,encoder,42,sent_conf_msp
encoder-42-tweetner7-test2021-134,1.0,0,tweetner7_test,encoder,42,sent_conf_msp
encoder-42-tweetner7-test2021-138,0.3869229853153229,0,tweetner7_test,encoder,42,sent_conf_msp
encoder-42-tweetner7-test2021-170,1.0,0,tweetner7_test,encoder,42,sent_conf_msp
encoder-42-tweetner7-test2021-178,1.0,0,tweetner7_test,encoder,42,sent_conf_msp
encoder-42-tweetner7-test2021-194,1.0,0,tweetner7_test,encoder,42,sent_conf_msp
encoder-42-tweetner7-test2021-204,0.4252879023551941,0,tweetner7_test,encoder,42,sent_conf_msp
encoder-42-tweetner7-test2021-219,0.18529807031154633,0,tweetner7_test,encoder,42,sent_conf_msp
encoder-42-tweetner7-test2021-226,0.46513456106185913,0,tweetner7_test,encoder,42,sent_conf_msp
encoder-42-tweetner7-test2021-235,0.6154651641845703,1,tweetner7_test,encoder,42,sent_conf_msp
encoder-42-tweetner7-test2021-242,1.0,0,tweetner7_test,encoder,42,sent_conf_msp
encoder-42-tweetner7-test2021-245,0.20553965866565704,0,tweetner7_test,encoder,42,sent_conf_msp
encoder-42-tweetner7-test2021-251,0.532563328742981,1,tweetner7_test,encoder,42,sent_conf_msp
encoder-42-tweetner7-test2021-264,0.2522013187408447,0,tweetner7_test,encoder,42,sent_conf_msp
encoder-42-tweetner7-test2021-267,1.0,0,tweetner7_test,encoder,42,sent_conf_msp
encoder-42-tweetner7-test2021-279,0.40155431628227234,0,tweetner7_test,encoder,42,sent_conf_msp
encoder-42-tweetner7-test2021-288,0.4037536680698395,0,tweetner7_test,encoder,42,sent_conf_msp
encoder-42-tweetner7-test2021-306,0.4380624294281006,0,tweetner7_test,encoder,42,sent_conf_msp
encoder-42-tweetner7-test2021-309,0.2898600101470947,0,tweetner7_test,encoder,42,sent_conf_msp
encoder-42-tweetner7-test2021-321,1.0,0,tweetner7_test,encoder,42,sent_conf_msp
encoder-42-tweetner7-test2021-338,1.0,0,tweetner7_test,encoder,42,sent_conf_msp
encoder-42-tweetner7-test2021-353,0.2716521918773651,0,tweetner7_test,encoder,42,sent_conf_msp
encoder-42-tweetner7-test2021-356,1.0,0,tweetner7_test,encoder,42,sent_conf_msp
encoder-42-tweetner7-test2021-361,1.0,0,tweetner7_test,encoder,42,sent_conf_msp
encoder-42-tweetner7-test2021-365,1.0,0,tweetner7_test,encoder,42,sent_conf_msp
encoder-42-tweetner7-test2021-370,0.23227407038211823,0,tweetner7_test,encoder,42,sent_conf_msp
encoder-42-tweetner7-test2021-387,1.0,0,tweetner7_test,encoder,42,sent_conf_msp
encoder-42-tweetner7-test2021-396,1.0,0,tweetner7_test,encoder,42,sent_conf_msp
encoder-42-tweetner7-test2021-407,0.2813943028450012,0,tweetner7_test,encoder,42,sent_conf_msp
encoder-42-tweetner7-test2021-411,1.0,0,tweetner7_test,encoder,42,sent_conf_msp
encoder-42-tweetner7-test2021-415,0.4277709126472473,0,tweetner7_test,encoder,42,sent_conf_msp
encoder-42-tweetner7-test2021-416,0.2624944746494293,0,tweetner7_test,encoder,42,sent_conf_msp
encoder-42-tweetner7-test2021-435,0.6229878664016724,1,tweetner7_test,encoder,42,sent_conf_msp
encoder-42-tweetner7-test2021-446,0.29627662897109985,0,tweetner7_test,encoder,42,sent_conf_msp
encoder-42-tweetner7-test2021-454,0.2732557952404022,0,tweetner7_test,encoder,42,sent_conf_msp
encoder-42-tweetner7-test2021-474,1.0,0,tweetner7_test,encoder,42,sent_conf_msp
encoder-42-tweetner7-test2021-484,1.0,0,tweetner7_test,encoder,42,sent_conf_msp
encoder-42-tweetner7-test2021-486,0.32829171419143677,0,tweetner7_test,encoder,42,sent_conf_msp
encoder-42-tweetner7-test2021-490,1.0,0,tweetner7_test,encoder,42,sent_conf_msp
encoder-42-tweetner7-test2021-503,1.0,0,tweetner7_test,encoder,42,sent_conf_msp
encoder-42-tweetner7-test2021-512,1.0,0,tweetner7_test,encoder,42,sent_conf_msp
encoder-42-tweetner7-test2021-521,1.0,0,tweetner7_test,encoder,42,sent_conf_msp
encoder-42-tweetner7-test2021-522,0.23033303022384644,0,tweetner7_test,encoder,42,sent_conf_msp
encoder-42-tweetner7-test2021-528,1.0,0,tweetner7_test,encoder,42,sent_conf_msp
encoder-42-tweetner7-test2021-559,1.0,0,tweetner7_test,encoder,42,sent_conf_msp
encoder-42-tweetner7-test2021-562,0.27345556020736694,0,tweetner7_test,encoder,42,sent_conf_msp
encoder-42-tweetner7-test2021-583,0.3177284002304077,0,tweetner7_test,encoder,42,sent_conf_msp
encoder-42-tweetner7-test2021-586,0.3535901606082916,0,tweetner7_test,encoder,42,sent_conf_msp
encoder-42-tweetner7-test2021-598,0.33203694224357605,0,tweetner7_test,encoder,42,sent_conf_msp
encoder-42-tweetner7-test2021-609,1.0,0,tweetner7_test,encoder,42,sent_conf_msp
encoder-42-tweetner7-test2021-642,1.0,0,tweetner7_test,encoder,42,sent_conf_msp
encoder-42-tweetner7-test2021-647,0.3805108666419983,0,tweetner7_test,encoder,42,sent_conf_msp
encoder-42-tweetner7-test2021-654,1.0,0,tweetner7_test,encoder,42,sent_conf_msp
encoder-42-tweetner7-test2021-670,1.0,0,tweetner7_test,encoder,42,sent_conf_msp
encoder-42-tweetner7-test2021-689,0.2710994780063629,0,tweetner7_test,encoder,42,sent_conf_msp
encoder-42-tweetner7-test2021-694,1.0,0,tweetner7_test,encoder,42,sent_conf_msp
encoder-42-tweetner7-test2021-700,1.0,0,tweetner7_test,encoder,42,sent_conf_msp
encoder-42-tweetner7-test2021-708,1.0,0,tweetner7_test,encoder,42,sent_conf_msp
encoder-42-tweetner7-test2021-727,0.18950136005878448,0,tweetner7_test,encoder,42,sent_conf_msp
encoder-42-tweetner7-test2021-731,1.0,0,tweetner7_test,encoder,42,sent_conf_msp
encoder-42-tweetner7-test2021-736,0.19063302874565125,0,tweetner7_test,encoder,42,sent_conf_msp
encoder-42-tweetner7-test2021-741,0.379006952047348,0,tweetner7_test,encoder,42,sent_conf_msp
encoder-42-tweetner7-test2021-743,0.2938128709793091,0,tweetner7_test,encoder,42,sent_conf_msp
encoder-42-tweetner7-test2021-753,1.0,0,tweetner7_test,encoder,42,sent_conf_msp
encoder-42-tweetner7-test2021-755,0.6081186532974243,1,tweetner7_test,encoder,42,sent_conf_msp
encoder-42-tweetner7-test2021-763,1.0,1,tweetner7_test,encoder,42,sent_conf_msp
encoder-42-tweetner7-test2021-771,1.0,0,tweetner7_test,encoder,42,sent_conf_msp
encoder-42-tweetner7-test2021-790,0.30550315976142883,0,tweetner7_test,encoder,42,sent_conf_msp
encoder-42-tweetner7-test2021-807,0.4853907823562622,1,tweetner7_test,encoder,42,sent_conf_msp
encoder-42-tweetner7-test2021-816,0.2084745317697525,0,tweetner7_test,encoder,42,sent_conf_msp
encoder-42-tweetner7-test2021-834,0.23334549367427826,0,tweetner7_test,encoder,42,sent_conf_msp
encoder-42-tweetner7-test2021-841,1.0,0,tweetner7_test,encoder,42,sent_conf_msp
encoder-42-tweetner7-test2021-843,0.764829158782959,0,tweetner7_test,encoder,42,sent_conf_msp
encoder-42-tweetner7-test2021-855,1.0,0,tweetner7_test,encoder,42,sent_conf_msp
encoder-42-tweetner7-test2021-862,0.3928191065788269,0,tweetner7_test,encoder,42,sent_conf_msp
encoder-42-tweetner7-test2021-869,0.24603737890720367,0,tweetner7_test,encoder,42,sent_conf_msp
encoder-42-tweetner7-test2021-874,1.0,0,tweetner7_test,encoder,42,sent_conf_msp
encoder-42-tweetner7-test2021-875,1.0,0,tweetner7_test,encoder,42,sent_conf_msp
encoder-42-tweetner7-test2021-877,0.21895034611225128,0,tweetner7_test,encoder,42,sent_conf_msp
encoder-42-tweetner7-test2021-878,1.0,0,tweetner7_test,encoder,42,sent_conf_msp
encoder-42-tweetner7-test2021-891,0.27287429571151733,0,tweetner7_test,encoder,42,sent_conf_msp
encoder-42-tweetner7-test2021-895,0.44635042548179626,0,tweetner7_test,encoder,42,sent_conf_msp
encoder-42-tweetner7-test2021-897,0.5664731860160828,0,tweetner7_test,encoder,42,sent_conf_msp
encoder-42-tweetner7-test2021-899,0.26224285364151,0,tweetner7_test,encoder,42,sent_conf_msp
encoder-42-tweetner7-test2021-900,1.0,0,tweetner7_test,encoder,42,sent_conf_msp
encoder-42-tweetner7-test2021-915,0.5357664227485657,0,tweetner7_test,encoder,42,sent_conf_msp
encoder-42-tweetner7-test2021-924,1.0,0,tweetner7_test,encoder,42,sent_conf_msp
encoder-42-tweetner7-test2021-949,1.0,0,tweetner7_test,encoder,42,sent_conf_msp
encoder-42-tweetner7-test2021-962,0.2520204484462738,0,tweetner7_test,encoder,42,sent_conf_msp
encoder-42-tweetner7-test2021-967,0.334165096282959,1,tweetner7_test,encoder,42,sent_conf_msp
encoder-42-tweetner7-test2021-971,0.5399829149246216,0,tweetner7_test,encoder,42,sent_conf_msp
encoder-42-tweetner7-test2021-990,0.41042420268058777,0,tweetner7_test,encoder,42,sent_conf_msp
encoder-42-tweetner7-test2021-1007,0.2561781108379364,0,tweetner7_test,encoder,42,sent_conf_msp
encoder-42-tweetner7-test2021-1028,1.0,0,tweetner7_test,encoder,42,sent_conf_msp
encoder-42-tweetner7-test2021-1035,0.6190958023071289,1,tweetner7_test,encoder,42,sent_conf_msp
encoder-42-tweetner7-test2021-1036,1.0,0,tweetner7_test,encoder,42,sent_conf_msp
encoder-42-tweetner7-test2021-1038,1.0,0,tweetner7_test,encoder,42,sent_conf_msp
encoder-42-tweetner7-test2021-1043,0.2915359139442444,0,tweetner7_test,encoder,42,sent_conf_msp
encoder-42-tweetner7-test2021-1053,1.0,0,tweetner7_test,encoder,42,sent_conf_msp
encoder-42-tweetner7-test2021-1064,1.0,0,tweetner7_test,encoder,42,sent_conf_msp
encoder-42-tweetner7-test2021-1073,0.3200419545173645,0,tweetner7_test,encoder,42,sent_conf_msp
encoder-42-tweetner7-test2021-1082,1.0,1,tweetner7_test,encoder,42,sent_conf_msp
encoder-42-tweetner7-test2021-1091,0.24695229530334473,0,tweetner7_test,encoder,42,sent_conf_msp
encoder-42-tweetner7-test2021-1094,0.36058372259140015,0,tweetner7_test,encoder,42,sent_conf_msp
encoder-42-tweetner7-test2021-1101,0.44561320543289185,0,tweetner7_test,encoder,42,sent_conf_msp
encoder-42-tweetner7-test2021-1134,1.0,0,tweetner7_test,encoder,42,sent_conf_msp
encoder-42-tweetner7-test2021-1148,0.2595013976097107,0,tweetner7_test,encoder,42,sent_conf_msp
encoder-42-tweetner7-test2021-1153,0.2823140323162079,0,tweetner7_test,encoder,42,sent_conf_msp
encoder-42-tweetner7-test2021-1157,0.3396455943584442,0,tweetner7_test,encoder,42,sent_conf_msp
encoder-42-tweetner7-test2021-1158,0.20190468430519104,0,tweetner7_test,encoder,42,sent_conf_msp
encoder-42-tweetner7-test2021-1163,0.4218588173389435,0,tweetner7_test,encoder,42,sent_conf_msp
encoder-42-tweetner7-test2021-1172,0.29278603196144104,0,tweetner7_test,encoder,42,sent_conf_msp
encoder-42-tweetner7-test2021-1190,0.19706501066684723,0,tweetner7_test,encoder,42,sent_conf_msp
encoder-42-tweetner7-test2021-1195,0.302212119102478,0,tweetner7_test,encoder,42,sent_conf_msp
encoder-42-tweetner7-test2021-1225,0.299631804227829,0,tweetner7_test,encoder,42,sent_conf_msp
encoder-42-tweetner7-test2021-1252,0.2787323594093323,0,tweetner7_test,encoder,42,sent_conf_msp
encoder-42-tweetner7-test2021-1264,0.27585935592651367,0,tweetner7_test,encoder,42,sent_conf_msp
encoder-42-tweetner7-test2021-1265,1.0,0,tweetner7_test,encoder,42,sent_conf_msp
encoder-42-tweetner7-test2021-1266,0.2258719503879547,1,tweetner7_test,encoder,42,sent_conf_msp
encoder-42-tweetner7-test2021-1279,0.5782577991485596,0,tweetner7_test,encoder,42,sent_conf_msp
encoder-42-tweetner7-test2021-1280,0.20762380957603455,0,tweetner7_test,encoder,42,sent_conf_msp
encoder-42-tweetner7-test2021-1283,0.2937808930873871,0,tweetner7_test,encoder,42,sent_conf_msp
encoder-42-tweetner7-test2021-1284,0.5038588047027588,0,tweetner7_test,encoder,42,sent_conf_msp
encoder-42-tweetner7-test2021-1290,0.31826311349868774,0,tweetner7_test,encoder,42,sent_conf_msp
encoder-42-tweetner7-test2021-1293,0.24052859842777252,0,tweetner7_test,encoder,42,sent_conf_msp
encoder-42-tweetner7-test2021-1309,0.237870991230011,0,tweetner7_test,encoder,42,sent_conf_msp
encoder-42-tweetner7-test2021-1318,0.3676304817199707,0,tweetner7_test,encoder,42,sent_conf_msp
encoder-42-tweetner7-test2021-1325,0.48467400670051575,0,tweetner7_test,encoder,42,sent_conf_msp
encoder-42-tweetner7-test2021-1338,0.2817956507205963,0,tweetner7_test,encoder,42,sent_conf_msp
encoder-42-tweetner7-test2021-1357,0.2771885395050049,0,tweetner7_test,encoder,42,sent_conf_msp
encoder-42-tweetner7-test2021-1370,0.2457318753004074,0,tweetner7_test,encoder,42,sent_conf_msp
encoder-42-tweetner7-test2021-1376,1.0,0,tweetner7_test,encoder,42,sent_conf_msp
encoder-42-tweetner7-test2021-1379,1.0,0,tweetner7_test,encoder,42,sent_conf_msp
encoder-42-tweetner7-test2021-1382,0.36923742294311523,0,tweetner7_test,encoder,42,sent_conf_msp
encoder-42-tweetner7-test2021-1394,0.3484560549259186,1,tweetner7_test,encoder,42,sent_conf_msp
encoder-42-tweetner7-test2021-1397,0.3016320765018463,0,tweetner7_test,encoder,42,sent_conf_msp
encoder-42-tweetner7-test2021-1399,0.3246208131313324,0,tweetner7_test,encoder,42,sent_conf_msp
encoder-42-tweetner7-test2021-1401,0.3624863028526306,1,tweetner7_test,encoder,42,sent_conf_msp
encoder-42-tweetner7-test2021-1410,0.2268478125333786,0,tweetner7_test,encoder,42,sent_conf_msp
encoder-42-tweetner7-test2021-1412,0.35542064905166626,0,tweetner7_test,encoder,42,sent_conf_msp
encoder-42-tweetner7-test2021-1422,0.21612654626369476,0,tweetner7_test,encoder,42,sent_conf_msp
encoder-42-tweetner7-test2021-1424,1.0,0,tweetner7_test,encoder,42,sent_conf_msp
encoder-42-tweetner7-test2021-1432,1.0,0,tweetner7_test,encoder,42,sent_conf_msp
encoder-42-tweetner7-test2021-1433,1.0,0,tweetner7_test,encoder,42,sent_conf_msp
encoder-42-tweetner7-test2021-1437,0.37339404225349426,1,tweetner7_test,encoder,42,sent_conf_msp
encoder-42-tweetner7-test2021-1438,0.23304010927677155,0,tweetner7_test,encoder,42,sent_conf_msp
encoder-42-tweetner7-test2021-1443,0.22203348577022552,0,tweetner7_test,encoder,42,sent_conf_msp
encoder-42-tweetner7-test2021-1447,1.0,0,tweetner7_test,encoder,42,sent_conf_msp
encoder-42-tweetner7-test2021-1455,1.0,0,tweetner7_test,encoder,42,sent_conf_msp
encoder-42-tweetner7-test2021-1478,1.0,0,tweetner7_test,encoder,42,sent_conf_msp
encoder-42-tweetner7-test2021-1510,0.24824407696723938,0,tweetner7_test,encoder,42,sent_conf_msp
encoder-42-tweetner7-test2021-1512,1.0,0,tweetner7_test,encoder,42,sent_conf_msp
encoder-42-tweetner7-test2021-1515,1.0,0,tweetner7_test,encoder,42,sent_conf_msp
encoder-42-tweetner7-test2021-1517,0.4501911997795105,0,tweetner7_test,encoder,42,sent_conf_msp
encoder-42-tweetner7-test2021-1522,0.43874284625053406,0,tweetner7_test,encoder,42,sent_conf_msp
encoder-42-tweetner7-test2021-1530,0.8399219512939453,0,tweetner7_test,encoder,42,sent_conf_msp
encoder-42-tweetner7-test2021-1577,0.3217949867248535,0,tweetner7_test,encoder,42,sent_conf_msp
encoder-42-tweetner7-test2021-1598,1.0,0,tweetner7_test,encoder,42,sent_conf_msp
encoder-42-tweetner7-test2021-1613,0.31793469190597534,0,tweetner7_test,encoder,42,sent_conf_msp
encoder-42-tweetner7-test2021-1644,1.0,0,tweetner7_test,encoder,42,sent_conf_msp
encoder-42-tweetner7-test2021-1650,0.18090012669563293,0,tweetner7_test,encoder,42,sent_conf_msp
encoder-42-tweetner7-test2021-1654,0.4209273159503937,0,tweetner7_test,encoder,42,sent_conf_msp
encoder-42-tweetner7-test2021-1663,0.5396948456764221,0,tweetner7_test,encoder,42,sent_conf_msp
encoder-42-tweetner7-test2021-1691,0.21015480160713196,0,tweetner7_test,encoder,42,sent_conf_msp
encoder-42-tweetner7-test2021-1692,0.2153836190700531,0,tweetner7_test,encoder,42,sent_conf_msp
encoder-42-tweetner7-test2021-1710,0.2097492814064026,0,tweetner7_test,encoder,42,sent_conf_msp
encoder-42-tweetner7-test2021-1720,1.0,0,tweetner7_test,encoder,42,sent_conf_msp
encoder-42-tweetner7-test2021-1723,0.3092913031578064,0,tweetner7_test,encoder,42,sent_conf_msp
encoder-42-tweetner7-test2021-1728,0.2089157998561859,0,tweetner7_test,encoder,42,sent_conf_msp
encoder-42-tweetner7-test2021-1735,0.3817676603794098,0,tweetner7_test,encoder,42,sent_conf_msp
encoder-42-tweetner7-test2021-1751,0.20372506976127625,0,tweetner7_test,encoder,42,sent_conf_msp
encoder-42-tweetner7-test2021-1776,1.0,0,tweetner7_test,encoder,42,sent_conf_msp
encoder-42-tweetner7-test2021-1791,0.23150178790092468,0,tweetner7_test,encoder,42,sent_conf_msp
encoder-42-tweetner7-test2021-1797,0.4592691957950592,0,tweetner7_test,encoder,42,sent_conf_msp
encoder-42-tweetner7-test2021-1798,1.0,0,tweetner7_test,encoder,42,sent_conf_msp
encoder-42-tweetner7-test2021-1804,1.0,0,tweetner7_test,encoder,42,sent_conf_msp
encoder-42-tweetner7-test2021-1811,1.0,0,tweetner7_test,encoder,42,sent_conf_msp
encoder-42-tweetner7-test2021-1814,0.3817821145057678,1,tweetner7_test,encoder,42,sent_conf_msp
encoder-42-tweetner7-test2021-1841,0.2819294333457947,0,tweetner7_test,encoder,42,sent_conf_msp
encoder-42-tweetner7-test2021-1879,1.0,0,tweetner7_test,encoder,42,sent_conf_msp
encoder-42-tweetner7-test2021-1884,0.27069932222366333,0,tweetner7_test,encoder,42,sent_conf_msp
encoder-42-tweetner7-test2021-1887,0.34230101108551025,0,tweetner7_test,encoder,42,sent_conf_msp
encoder-42-tweetner7-test2021-1893,0.45955517888069153,0,tweetner7_test,encoder,42,sent_conf_msp
encoder-42-tweetner7-test2021-1900,0.22538650035858154,0,tweetner7_test,encoder,42,sent_conf_msp
encoder-42-tweetner7-test2021-1904,0.4562387764453888,1,tweetner7_test,encoder,42,sent_conf_msp
encoder-42-tweetner7-test2021-1913,1.0,0,tweetner7_test,encoder,42,sent_conf_msp
encoder-42-tweetner7-test2021-1916,1.0,0,tweetner7_test,encoder,42,sent_conf_msp
encoder-42-tweetner7-test2021-1936,0.33246710896492004,1,tweetner7_test,encoder,42,sent_conf_msp
encoder-42-tweetner7-test2021-1945,0.2551867365837097,0,tweetner7_test,encoder,42,sent_conf_msp
encoder-42-tweetner7-test2021-1966,1.0,1,tweetner7_test,encoder,42,sent_conf_msp
encoder-42-tweetner7-test2021-1970,1.0,0,tweetner7_test,encoder,42,sent_conf_msp
encoder-42-tweetner7-test2021-1971,1.0,0,tweetner7_test,encoder,42,sent_conf_msp
encoder-42-tweetner7-test2021-1979,0.4831447899341583,0,tweetner7_test,encoder,42,sent_conf_msp
encoder-42-tweetner7-test2021-1984,1.0,0,tweetner7_test,encoder,42,sent_conf_msp
encoder-42-tweetner7-test2021-2002,0.26056602597236633,0,tweetner7_test,encoder,42,sent_conf_msp
encoder-42-tweetner7-test2021-2007,0.2262488603591919,0,tweetner7_test,encoder,42,sent_conf_msp
encoder-42-tweetner7-test2021-2015,0.2612704038619995,0,tweetner7_test,encoder,42,sent_conf_msp
encoder-42-tweetner7-test2021-2024,0.2713875472545624,0,tweetner7_test,encoder,42,sent_conf_msp
encoder-42-tweetner7-test2021-2049,1.0,0,tweetner7_test,encoder,42,sent_conf_msp
encoder-42-tweetner7-test2021-2052,0.2303394228219986,0,tweetner7_test,encoder,42,sent_conf_msp
encoder-42-tweetner7-test2021-2085,1.0,0,tweetner7_test,encoder,42,sent_conf_msp
encoder-42-tweetner7-test2021-2089,1.0,0,tweetner7_test,encoder,42,sent_conf_msp
encoder-42-tweetner7-test2021-2093,0.6359539031982422,0,tweetner7_test,encoder,42,sent_conf_msp
encoder-42-tweetner7-test2021-2115,1.0,0,tweetner7_test,encoder,42,sent_conf_msp
encoder-42-tweetner7-test2021-2131,0.32271677255630493,0,tweetner7_test,encoder,42,sent_conf_msp
encoder-42-tweetner7-test2021-2145,1.0,0,tweetner7_test,encoder,42,sent_conf_msp
encoder-42-tweetner7-test2021-2161,1.0,0,tweetner7_test,encoder,42,sent_conf_msp
encoder-42-tweetner7-test2021-2166,1.0,0,tweetner7_test,encoder,42,sent_conf_msp
encoder-42-tweetner7-test2021-2175,1.0,0,tweetner7_test,encoder,42,sent_conf_msp
encoder-42-tweetner7-test2021-2196,0.3148179054260254,0,tweetner7_test,encoder,42,sent_conf_msp
encoder-42-tweetner7-test2021-2202,1.0,0,tweetner7_test,encoder,42,sent_conf_msp
encoder-42-tweetner7-test2021-2209,0.38383153080940247,1,tweetner7_test,encoder,42,sent_conf_msp
encoder-42-tweetner7-test2021-2214,1.0,0,tweetner7_test,encoder,42,sent_conf_msp
encoder-42-tweetner7-test2021-2238,1.0,0,tweetner7_test,encoder,42,sent_conf_msp
encoder-42-tweetner7-test2021-2249,1.0,0,tweetner7_test,encoder,42,sent_conf_msp
encoder-42-tweetner7-test2021-2256,0.2852535843849182,0,tweetner7_test,encoder,42,sent_conf_msp
encoder-42-tweetner7-test2021-2257,0.22531971335411072,0,tweetner7_test,encoder,42,sent_conf_msp
encoder-42-tweetner7-test2021-2263,0.2730269134044647,0,tweetner7_test,encoder,42,sent_conf_msp
encoder-42-tweetner7-test2021-2277,1.0,0,tweetner7_test,encoder,42,sent_conf_msp
encoder-42-tweetner7-test2021-2286,1.0,0,tweetner7_test,encoder,42,sent_conf_msp
encoder-42-tweetner7-test2021-2289,0.324618399143219,0,tweetner7_test,encoder,42,sent_conf_msp
encoder-42-tweetner7-test2021-2304,0.2664271295070648,0,tweetner7_test,encoder,42,sent_conf_msp
encoder-42-tweetner7-test2021-2328,0.1976729929447174,0,tweetner7_test,encoder,42,sent_conf_msp
encoder-42-tweetner7-test2021-2342,1.0,0,tweetner7_test,encoder,42,sent_conf_msp
encoder-42-tweetner7-test2021-2352,0.23519940674304962,0,tweetner7_test,encoder,42,sent_conf_msp
encoder-42-tweetner7-test2021-2360,1.0,0,tweetner7_test,encoder,42,sent_conf_msp
encoder-42-tweetner7-test2021-2375,0.298403799533844,0,tweetner7_test,encoder,42,sent_conf_msp
encoder-42-tweetner7-test2021-2388,0.34589824080467224,0,tweetner7_test,encoder,42,sent_conf_msp
encoder-42-tweetner7-test2021-2396,0.3437846302986145,0,tweetner7_test,encoder,42,sent_conf_msp
encoder-42-tweetner7-test2021-2404,1.0,0,tweetner7_test,encoder,42,sent_conf_msp
encoder-42-tweetner7-test2021-2408,1.0,0,tweetner7_test,encoder,42,sent_conf_msp
encoder-42-tweetner7-test2021-2415,0.2719191312789917,0,tweetner7_test,encoder,42,sent_conf_msp
encoder-42-tweetner7-test2021-2419,0.4599679708480835,0,tweetner7_test,encoder,42,sent_conf_msp
encoder-42-tweetner7-test2021-2422,0.29231420159339905,1,tweetner7_test,encoder,42,sent_conf_msp
encoder-42-tweetner7-test2021-2426,1.0,0,tweetner7_test,encoder,42,sent_conf_msp
encoder-42-tweetner7-test2021-2432,0.35336893796920776,0,tweetner7_test,encoder,42,sent_conf_msp
encoder-42-tweetner7-test2021-2435,0.29338788986206055,0,tweetner7_test,encoder,42,sent_conf_msp
encoder-42-tweetner7-test2021-2446,0.2845987379550934,0,tweetner7_test,encoder,42,sent_conf_msp
encoder-42-tweetner7-test2021-2450,1.0,0,tweetner7_test,encoder,42,sent_conf_msp
encoder-42-tweetner7-test2021-2462,0.26230448484420776,0,tweetner7_test,encoder,42,sent_conf_msp
encoder-42-tweetner7-test2021-2480,1.0,0,tweetner7_test,encoder,42,sent_conf_msp
encoder-42-tweetner7-test2021-2481,1.0,0,tweetner7_test,encoder,42,sent_conf_msp
encoder-42-tweetner7-test2021-2497,1.0,0,tweetner7_test,encoder,42,sent_conf_msp
encoder-42-tweetner7-test2021-2518,1.0,0,tweetner7_test,encoder,42,sent_conf_msp
encoder-42-tweetner7-test2021-2526,0.2349984496831894,0,tweetner7_test,encoder,42,sent_conf_msp
encoder-42-tweetner7-test2021-2535,0.23449279367923737,0,tweetner7_test,encoder,42,sent_conf_msp
encoder-42-tweetner7-test2021-2558,1.0,0,tweetner7_test,encoder,42,sent_conf_msp
encoder-42-tweetner7-test2021-2562,1.0,0,tweetner7_test,encoder,42,sent_conf_msp
encoder-42-tweetner7-test2021-2569,0.38475465774536133,0,tweetner7_test,encoder,42,sent_conf_msp
encoder-42-tweetner7-test2021-2578,0.45715755224227905,0,tweetner7_test,encoder,42,sent_conf_msp
encoder-42-tweetner7-test2021-2580,1.0,0,tweetner7_test,encoder,42,sent_conf_msp
encoder-42-tweetner7-test2021-2589,0.24209418892860413,0,tweetner7_test,encoder,42,sent_conf_msp
encoder-42-tweetner7-test2021-2596,1.0,0,tweetner7_test,encoder,42,sent_conf_msp
encoder-42-tweetner7-test2021-2599,1.0,0,tweetner7_test,encoder,42,sent_conf_msp
encoder-42-tweetner7-test2021-2603,1.0,0,tweetner7_test,encoder,42,sent_conf_msp
encoder-42-tweetner7-test2021-2604,0.3167220652103424,0,tweetner7_test,encoder,42,sent_conf_msp
encoder-42-tweetner7-test2021-2606,1.0,1,tweetner7_test,encoder,42,sent_conf_msp
encoder-42-tweetner7-test2021-2615,1.0,0,tweetner7_test,encoder,42,sent_conf_msp
encoder-42-tweetner7-test2021-2624,1.0,0,tweetner7_test,encoder,42,sent_conf_msp
encoder-42-tweetner7-test2021-2658,0.4187990128993988,0,tweetner7_test,encoder,42,sent_conf_msp
encoder-42-tweetner7-test2021-2661,0.27313515543937683,0,tweetner7_test,encoder,42,sent_conf_msp
encoder-42-tweetner7-test2021-2667,0.29533877968788147,0,tweetner7_test,encoder,42,sent_conf_msp
encoder-42-tweetner7-test2021-2668,1.0,0,tweetner7_test,encoder,42,sent_conf_msp
encoder-42-tweetner7-test2021-2670,1.0,0,tweetner7_test,encoder,42,sent_conf_msp
encoder-42-tweetner7-test2021-2680,1.0,0,tweetner7_test,encoder,42,sent_conf_msp
encoder-42-tweetner7-test2021-2686,1.0,0,tweetner7_test,encoder,42,sent_conf_msp
encoder-42-tweetner7-test2021-2692,0.367775559425354,1,tweetner7_test,encoder,42,sent_conf_msp
encoder-42-tweetner7-test2021-2700,0.309527188539505,0,tweetner7_test,encoder,42,sent_conf_msp
encoder-42-tweetner7-test2021-2709,0.23716607689857483,0,tweetner7_test,encoder,42,sent_conf_msp
encoder-42-tweetner7-test2021-2711,1.0,0,tweetner7_test,encoder,42,sent_conf_msp
encoder-42-tweetner7-test2021-2719,1.0,0,tweetner7_test,encoder,42,sent_conf_msp
encoder-42-tweetner7-test2021-2733,0.3203892409801483,0,tweetner7_test,encoder,42,sent_conf_msp
encoder-42-tweetner7-test2021-2746,0.40907126665115356,1,tweetner7_test,encoder,42,sent_conf_msp
encoder-42-tweetner7-test2021-2747,0.21078665554523468,0,tweetner7_test,encoder,42,sent_conf_msp
encoder-42-tweetner7-test2021-2748,0.28865838050842285,0,tweetner7_test,encoder,42,sent_conf_msp
encoder-42-tweetner7-test2021-2751,0.22487607598304749,0,tweetner7_test,encoder,42,sent_conf_msp
encoder-42-tweetner7-test2021-2755,1.0,0,tweetner7_test,encoder,42,sent_conf_msp
encoder-42-tweetner7-test2021-2792,0.3089887499809265,0,tweetner7_test,encoder,42,sent_conf_msp
encoder-42-tweetner7-test2021-2795,0.24685654044151306,0,tweetner7_test,encoder,42,sent_conf_msp
encoder-42-tweetner7-test2021-2798,0.18948015570640564,0,tweetner7_test,encoder,42,sent_conf_msp
encoder-42-tweetner7-test2021-2803,1.0,1,tweetner7_test,encoder,42,sent_conf_msp
