"id","confidence","correct","domain","model","seed","signal"
"generative-42-fin-valid-0","0.0","0","fin_valid","generative","42","conf_min_sc"
"generative-42-fin-valid-1","0.2","0","fin_valid","generative","42","conf_min_sc"
"generative-42-fin-valid-2","1.0","1","fin_valid","generative","42","conf_min_sc"
"generative-42-fin-valid-3","1.0","1","fin_valid","generative","42","conf_min_sc"
"generative-42-fin-valid-4","1.0","1","fin_valid","generative","42","conf_min_sc"
"generative-42-fin-valid-5","1.0","1","fin_valid","generative","42","conf_min_sc"
"generative-42-fin-valid-6","1.0","1","fin_valid","generative","42","conf_min_sc"
"generative-42-fin-valid-7","1.0","1","fin_valid","generative","42","conf_min_sc"
"generative-42-fin-valid-8","1.0","0","fin_valid","generative","42","conf_min_sc"
"generative-42-fin-valid-9","1.0","1","fin_valid","generative","42","conf_min_sc"
"generative-42-fin-valid-10","1.0","1","fin_valid","generative","42","conf_min_sc"
"generative-42-fin-valid-11","1.0","0","fin_valid","generative","42","conf_min_sc"
"generative-42-fin-valid-12","1.0","1","fin_valid","generative","42","conf_min_sc"
"generative-42-fin-valid-13","0.8","0","fin_valid","generative","42","conf_min_sc"
"generative-42-fin-valid-14","1.0","1","fin_valid","generative","42","conf_min_sc"
"generative-42-fin-valid-15","1.0","0","fin_valid","generative","42","conf_min_sc"
"generative-42-fin-valid-16","1.0","1","fin_valid","generative","42","conf_min_sc"
"generative-42-fin-valid-17","1.0","0","fin_valid","generative","42","conf_min_sc"
"generative-42-fin-valid-18","1.0","1","fin_valid","generative","42","conf_min_sc"
"generative-42-fin-valid-19","1.0","0","fin_valid","generative","42","conf_min_sc"
"generative-42-fin-valid-20","1.0","0","fin_valid","generative","42","conf_min_sc"
"generative-42-fin-valid-21","1.0","0","fin_valid","generative","42","conf_min_sc"
"generative-42-fin-valid-22","1.0","0","fin_valid","generative","42","conf_min_sc"
"generative-42-fin-valid-23","1.0","1","fin_valid","generative","42","conf_min_sc"
"generative-42-fin-valid-24","1.0","1","fin_valid","generative","42","conf_min_sc"
"generative-42-fin-valid-25","1.0","0","fin_valid","generative","42","conf_min_sc"
"generative-42-fin-valid-26","1.0","1","fin_valid","generative","42","conf_min_sc"
"generative-42-fin-valid-27","1.0","0","fin_valid","generative","42","conf_min_sc"
"generative-42-fin-valid-28","1.0","1","fin_valid","generative","42","conf_min_sc"
"generative-42-fin-valid-29","1.0","0","fin_valid","generative","42","conf_min_sc"
"generative-42-fin-valid-30","1.0","0","fin_valid","generative","42","conf_min_sc"
"generative-42-fin-valid-31","1.0","1","fin_valid","generative","42","conf_min_sc"
"generative-42-fin-valid-32","1.0","1","fin_valid","generative","42","conf_min_sc"
"generative-42-fin-valid-33","1.0","1","fin_valid","generative","42","conf_min_sc"
"generative-42-fin-valid-34","1.0","0","fin_valid","generative","42","conf_min_sc"
"generative-42-fin-valid-35","1.0","1","fin_valid","generative","42","conf_min_sc"
"generative-42-fin-valid-36","1.0","0","fin_valid","generative","42","conf_min_sc"
"generative-42-fin-valid-37","1.0","1","fin_valid","generative","42","conf_min_sc"
"generative-42-fin-valid-38","1.0","1","fin_valid","generative","42","conf_min_sc"
"generative-42-fin-valid-39","1.0","1","fin_valid","generative","42","conf_min_sc"
"generative-42-fin-valid-40","1.0","1","fin_valid","generative","42","conf_min_sc"
"generative-42-fin-valid-41","1.0","0","fin_valid","generative","42","conf_min_sc"
"generative-42-fin-valid-42","1.0","1","fin_valid","generative","42","conf_min_sc"
"generative-42-fin-valid-43","1.0","0","fin_valid","generative","42","conf_min_sc"
"generative-42-fin-valid-44","1.0","1","fin_valid","generative","42","conf_min_sc"
"generative-42-fin-valid-45","1.0","1","fin_valid","generative","42","conf_min_sc"
"generative-42-fin-valid-46","1.0","0","fin_valid","generative","42","conf_min_sc"
"generative-42-fin-valid-47","1.0","0","fin_valid","generative","42","conf_min_sc"
"generative-42-fin-valid-48","1.0","0","fin_valid","generative","42","conf_min_sc"
"generative-42-fin-valid-49","1.0","1","fin_valid","generative","42","conf_min_sc"
"generative-42-fin-valid-50","1.0","0","fin_valid","generative","42","conf_min_sc"
"generative-42-fin-valid-51","0.6","0","fin_valid","generative","42","conf_min_sc"
"generative-42-fin-valid-52","1.0","0","fin_valid","generative","42","conf_min_sc"
"generative-42-fin-valid-53","1.0","1","fin_valid","generative","42","conf_min_sc"
"generative-42-fin-valid-54","1.0","0","fin_valid","generative","42","conf_min_sc"
"generative-42-fin-valid-55","1.0","1","fin_valid","generative","42","conf_min_sc"
"generative-42-fin-valid-56","1.0","1","fin_valid","generative","42","conf_min_sc"
"generative-42-fin-valid-57","1.0","0","fin_valid","generative","42","conf_min_sc"
"generative-42-fin-valid-58","1.0","0","fin_valid","generative","42","conf_min_sc"
"generative-42-fin-valid-59","1.0","0","fin_valid","generative","42","conf_min_sc"
"generative-42-fin-valid-60","1.0","1","fin_valid","generative","42","conf_min_sc"
"generative-42-fin-valid-61","1.0","1","fin_valid","generative","42","conf_min_sc"
"generative-42-fin-valid-62","1.0","0","fin_valid","generative","42","conf_min_sc"
"generative-42-fin-valid-63","1.0","1","fin_valid","generative","42","conf_min_sc"
"generative-42-fin-valid-64","1.0","0","fin_valid","generative","42","conf_min_sc"
"generative-42-fin-valid-65","1.0","1","fin_valid","generative","42","conf_min_sc"
"generative-42-fin-valid-66","1.0","1","fin_valid","generative","42","conf_min_sc"
"generative-42-fin-valid-67","1.0","0","fin_valid","generative","42","conf_min_sc"
"generative-42-fin-valid-68","1.0","1","fin_valid","generative","42","conf_min_sc"
"generative-42-fin-valid-69","1.0","1","fin_valid","generative","42","conf_min_sc"
"generative-42-fin-valid-70","1.0","0","fin_valid","generative","42","conf_min_sc"
"generative-42-fin-valid-71","1.0","1","fin_valid","generative","42","conf_min_sc"
"generative-42-fin-valid-72","1.0","0","fin_valid","generative","42","conf_min_sc"
"generative-42-fin-valid-73","1.0","1","fin_valid","generative","42","conf_min_sc"
"generative-42-fin-valid-74","1.0","0","fin_valid","generative","42","conf_min_sc"
"generative-42-fin-valid-75","1.0","1","fin_valid","generative","42","conf_min_sc"
"generative-42-fin-valid-76","1.0","0","fin_valid","generative","42","conf_min_sc"
"generative-42-fin-valid-77","1.0","0","fin_valid","generative","42","conf_min_sc"
"generative-42-fin-valid-78","1.0","0","fin_valid","generative","42","conf_min_sc"
"generative-42-fin-valid-79","1.0","1","fin_valid","generative","42","conf_min_sc"
"generative-42-fin-valid-80","1.0","0","fin_valid","generative","42","conf_min_sc"
"generative-42-fin-valid-81","1.0","1","fin_valid","generative","42","conf_min_sc"
"generative-42-fin-valid-82","1.0","1","fin_valid","generative","42","conf_min_sc"
"generative-42-fin-valid-83","1.0","0","fin_valid","generative","42","conf_min_sc"
"generative-42-fin-valid-84","1.0","1","fin_valid","generative","42","conf_min_sc"
"generative-42-fin-valid-85","0.8","0","fin_valid","generative","42","conf_min_sc"
"generative-42-fin-valid-86","1.0","0","fin_valid","generative","42","conf_min_sc"
"generative-42-fin-valid-87","1.0","1","fin_valid","generative","42","conf_min_sc"
"generative-42-fin-valid-88","0.2","1","fin_valid","generative","42","conf_min_sc"
"generative-42-fin-valid-89","1.0","1","fin_valid","generative","42","conf_min_sc"
"generative-42-fin-valid-90","1.0","0","fin_valid","generative","42","conf_min_sc"
"generative-42-fin-valid-91","1.0","0","fin_valid","generative","42","conf_min_sc"
"generative-42-fin-valid-92","1.0","0","fin_valid","generative","42","conf_min_sc"
"generative-42-fin-valid-93","1.0","0","fin_valid","generative","42","conf_min_sc"
"generative-42-fin-valid-94","1.0","1","fin_valid","generative","42","conf_min_sc"
"generative-42-fin-valid-95","1.0","0","fin_valid","generative","42","conf_min_sc"
"generative-42-fin-valid-96","1.0","0","fin_valid","generative","42","conf_min_sc"
"generative-42-fin-valid-97","1.0","0","fin_valid","generative","42","conf_min_sc"
"generative-42-fin-valid-98","1.0","1","fin_valid","generative","42","conf_min_sc"
"generative-42-fin-valid-99","1.0","0","fin_valid","generative","42","conf_min_sc"
"generative-42-fin-valid-100","1.0","1","fin_valid","generative","42","conf_min_sc"
"generative-42-fin-valid-101","1.0","0","fin_valid","generative","42","conf_min_sc"
"generative-42-fin-valid-102","1.0","1","fin_valid","generative","42","conf_min_sc"
"generative-42-fin-valid-103","1.0","0","fin_valid","generative","42","conf_min_sc"
"generative-42-fin-valid-104","1.0","0","fin_valid","generative","42","conf_min_sc"
"generative-42-fin-valid-105","1.0","1","fin_valid","generative","42","conf_min_sc"
"generative-42-fin-valid-106","0.4","0","fin_valid","generative","42","conf_min_sc"
"generative-42-fin-valid-107","1.0","0","fin_valid","generative","42","conf_min_sc"
"generative-42-fin-valid-108","1.0","1","fin_valid","generative","42","conf_min_sc"
"generative-42-fin-valid-109","1.0","0","fin_valid","generative","42","conf_min_sc"
"generative-42-fin-valid-110","1.0","1","fin_valid","generative","42","conf_min_sc"
"generative-42-fin-valid-111","1.0","0","fin_valid","generative","42","conf_min_sc"
"generative-42-fin-valid-112","1.0","0","fin_valid","generative","42","conf_min_sc"
"generative-42-fin-valid-113","1.0","0","fin_valid","generative","42","conf_min_sc"
"generative-42-fin-valid-114","1.0","0","fin_valid","generative","42","conf_min_sc"
"generative-42-fin-valid-115","1.0","0","fin_valid","generative","42","conf_min_sc"
"generative-42-fin-valid-116","1.0","1","fin_valid","generative","42","conf_min_sc"
"generative-42-fin-valid-117","1.0","0","fin_valid","generative","42","conf_min_sc"
"generative-42-fin-valid-118","1.0","1","fin_valid","generative","42","conf_min_sc"
"generative-42-fin-valid-119","1.0","0","fin_valid","generative","42","conf_min_sc"
"generative-42-fin-valid-120","1.0","1","fin_valid","generative","42","conf_min_sc"
"generative-42-fin-valid-121","1.0","0","fin_valid","generative","42","conf_min_sc"
"generative-42-fin-valid-122","1.0","0","fin_valid","generative","42","conf_min_sc"
"generative-42-fin-valid-123","0.4","0","fin_valid","generative","42","conf_min_sc"
"generative-42-fin-valid-124","1.0","0","fin_valid","generative","42","conf_min_sc"
"generative-42-fin-valid-125","1.0","0","fin_valid","generative","42","conf_min_sc"
"generative-42-fin-valid-126","1.0","0","fin_valid","generative","42","conf_min_sc"
"generative-42-fin-valid-127","1.0","1","fin_valid","generative","42","conf_min_sc"
"generative-42-fin-valid-128","1.0","0","fin_valid","generative","42","conf_min_sc"
"generative-42-fin-valid-129","1.0","0","fin_valid","generative","42","conf_min_sc"
"generative-42-fin-valid-130","0.6","0","fin_valid","generative","42","conf_min_sc"
"generative-42-fin-valid-131","1.0","1","fin_valid","generative","42","conf_min_sc"
"generative-42-fin-valid-132","1.0","1","fin_valid","generative","42","conf_min_sc"
"generative-42-fin-valid-133","1.0","1","fin_valid","generative","42","conf_min_sc"
"generative-42-fin-valid-134","1.0","0","fin_valid","generative","42","conf_min_sc"
"generative-42-fin-valid-135","1.0","1","fin_valid","generative","42","conf_min_sc"
"generative-42-fin-valid-136","0.2","0","fin_valid","generative","42","conf_min_sc"
"generative-42-fin-valid-137","1.0","1","fin_valid","generative","42","conf_min_sc"
"generative-42-fin-valid-138","1.0","1","fin_valid","generative","42","conf_min_sc"
"generative-42-fin-valid-139","1.0","0","fin_valid","generative","42","conf_min_sc"
"generative-42-fin-valid-140","1.0","1","fin_valid","generative","42","conf_min_sc"
"generative-42-fin-valid-141","0.8","0","fin_valid","generative","42","conf_min_sc"
"generative-42-fin-valid-142","1.0","0","fin_valid","generative","42","conf_min_sc"
"generative-42-fin-valid-143","1.0","1","fin_valid","generative","42","conf_min_sc"
"generative-42-fin-valid-144","1.0","0","fin_valid","generative","42","conf_min_sc"
"generative-42-fin-valid-145","1.0","1","fin_valid","generative","42","conf_min_sc"
"generative-42-fin-valid-146","1.0","0","fin_valid","generative","42","conf_min_sc"
"generative-42-fin-valid-147","1.0","1","fin_valid","generative","42","conf_min_sc"
"generative-42-fin-valid-148","1.0","0","fin_valid","generative","42","conf_min_sc"
"generative-42-fin-valid-149","1.0","1","fin_valid","generative","42","conf_min_sc"
"generative-42-fin-test-0","0.4","0","fin_test","generative","42","conf_min_sc"
"generative-42-fin-test-1","1.0","0","fin_test","generative","42","conf_min_sc"
"generative-42-fin-test-2","1.0","1","fin_test","generative","42","conf_min_sc"
"generative-42-fin-test-3","1.0","1","fin_test","generative","42","conf_min_sc"
"generative-42-fin-test-4","1.0","1","fin_test","generative","42","conf_min_sc"
"generative-42-fin-test-5","1.0","1","fin_test","generative","42","conf_min_sc"
"generative-42-fin-test-6","1.0","1","fin_test","generative","42","conf_min_sc"
"generative-42-fin-test-7","1.0","1","fin_test","generative","42","conf_min_sc"
"generative-42-fin-test-8","1.0","1","fin_test","generative","42","conf_min_sc"
"generative-42-fin-test-9","1.0","1","fin_test","generative","42","conf_min_sc"
"generative-42-fin-test-10","1.0","1","fin_test","generative","42","conf_min_sc"
"generative-42-fin-test-11","1.0","1","fin_test","generative","42","conf_min_sc"
"generative-42-fin-test-12","1.0","1","fin_test","generative","42","conf_min_sc"
"generative-42-fin-test-13","1.0","1","fin_test","generative","42","conf_min_sc"
"generative-42-fin-test-14","1.0","1","fin_test","generative","42","conf_min_sc"
"generative-42-fin-test-15","1.0","1","fin_test","generative","42","conf_min_sc"
"generative-42-fin-test-16","1.0","1","fin_test","generative","42","conf_min_sc"
"generative-42-fin-test-17","1.0","1","fin_test","generative","42","conf_min_sc"
"generative-42-fin-test-18","0.6","0","fin_test","generative","42","conf_min_sc"
"generative-42-fin-test-19","1.0","0","fin_test","generative","42","conf_min_sc"
"generative-42-fin-test-20","1.0","0","fin_test","generative","42","conf_min_sc"
"generative-42-fin-test-21","0.6","0","fin_test","generative","42","conf_min_sc"
"generative-42-fin-test-22","1.0","1","fin_test","generative","42","conf_min_sc"
"generative-42-fin-test-23","1.0","1","fin_test","generative","42","conf_min_sc"
"generative-42-fin-test-24","0.2","0","fin_test","generative","42","conf_min_sc"
"generative-42-fin-test-25","1.0","1","fin_test","generative","42","conf_min_sc"
"generative-42-fin-test-26","1.0","1","fin_test","generative","42","conf_min_sc"
"generative-42-fin-test-27","1.0","1","fin_test","generative","42","conf_min_sc"
"generative-42-fin-test-28","0.0","1","fin_test","generative","42","conf_min_sc"
"generative-42-fin-test-29","1.0","0","fin_test","generative","42","conf_min_sc"
"generative-42-fin-test-30","0.0","0","fin_test","generative","42","conf_min_sc"
"generative-42-fin-test-31","1.0","0","fin_test","generative","42","conf_min_sc"
"generative-42-fin-test-32","1.0","0","fin_test","generative","42","conf_min_sc"
"generative-42-fin-test-33","1.0","1","fin_test","generative","42","conf_min_sc"
"generative-42-fin-test-34","0.4","0","fin_test","generative","42","conf_min_sc"
"generative-42-fin-test-35","1.0","1","fin_test","generative","42","conf_min_sc"
"generative-42-fin-test-36","1.0","1","fin_test","generative","42","conf_min_sc"
"generative-42-fin-test-37","1.0","0","fin_test","generative","42","conf_min_sc"
"generative-42-fin-test-38","1.0","1","fin_test","generative","42","conf_min_sc"
"generative-42-fin-test-40","1.0","0","fin_test","generative","42","conf_min_sc"
"generative-42-fin-test-41","1.0","1","fin_test","generative","42","conf_min_sc"
"generative-42-fin-test-42","0.6","1","fin_test","generative","42","conf_min_sc"
"generative-42-fin-test-43","1.0","1","fin_test","generative","42","conf_min_sc"
"generative-42-fin-test-44","1.0","1","fin_test","generative","42","conf_min_sc"
"generative-42-fin-test-45","0.0","1","fin_test","generative","42","conf_min_sc"
"generative-42-fin-test-46","1.0","1","fin_test","generative","42","conf_min_sc"
"generative-42-fin-test-47","0.0","0","fin_test","generative","42","conf_min_sc"
"generative-42-fin-test-48","1.0","1","fin_test","generative","42","conf_min_sc"
"generative-42-fin-test-49","0.4","0","fin_test","generative","42","conf_min_sc"
"generative-42-fin-test-50","1.0","0","fin_test","generative","42","conf_min_sc"
"generative-42-fin-test-51","1.0","0","fin_test","generative","42","conf_min_sc"
"generative-42-fin-test-52","0.4","0","fin_test","generative","42","conf_min_sc"
"generative-42-fin-test-53","0.0","0","fin_test","generative","42","conf_min_sc"
"generative-42-fin-test-54","1.0","1","fin_test","generative","42","conf_min_sc"
"generative-42-fin-test-55","1.0","0","fin_test","generative","42","conf_min_sc"
"generative-42-fin-test-56","1.0","1","fin_test","generative","42","conf_min_sc"
"generative-42-fin-test-57","1.0","0","fin_test","generative","42","conf_min_sc"
"generative-42-fin-test-58","1.0","1","fin_test","generative","42","conf_min_sc"
"generative-42-fin-test-59","0.2","0","fin_test","generative","42","conf_min_sc"
"generative-42-fin-test-60","1.0","1","fin_test","generative","42","conf_min_sc"
"generative-42-fin-test-61","0.0","0","fin_test","generative","42","conf_min_sc"
"generative-42-fin-test-62","0.8","0","fin_test","generative","42","conf_min_sc"
"generative-42-fin-test-63","1.0","0","fin_test","generative","42","conf_min_sc"
"generative-42-fin-test-64","1.0","0","fin_test","generative","42","conf_min_sc"
"generative-42-fin-test-65","1.0","0","fin_test","generative","42","conf_min_sc"
"generative-42-fin-test-66","0.8","1","fin_test","generative","42","conf_min_sc"
"generative-42-fin-test-67","0.4","0","fin_test","generative","42","conf_min_sc"
"generative-42-fin-test-68","1.0","1","fin_test","generative","42","conf_min_sc"
"generative-42-fin-test-69","1.0","1","fin_test","generative","42","conf_min_sc"
"generative-42-fin-test-70","1.0","1","fin_test","generative","42","conf_min_sc"
"generative-42-fin-test-71","1.0","1","fin_test","generative","42","conf_min_sc"
"generative-42-fin-test-72","1.0","1","fin_test","generative","42","conf_min_sc"
"generative-42-fin-test-73","1.0","1","fin_test","generative","42","conf_min_sc"
"generative-42-fin-test-74","1.0","1","fin_test","generative","42","conf_min_sc"
"generative-42-fin-test-75","1.0","1","fin_test","generative","42","conf_min_sc"
"generative-42-fin-test-76","1.0","1","fin_test","generative","42","conf_min_sc"
"generative-42-fin-test-77","1.0","1","fin_test","generative","42","conf_min_sc"
"generative-42-fin-test-78","1.0","1","fin_test","generative","42","conf_min_sc"
"generative-42-fin-test-79","0.6","0","fin_test","generative","42","conf_min_sc"
"generative-42-fin-test-80","0.2","0","fin_test","generative","42","conf_min_sc"
"generative-42-fin-test-81","1.0","0","fin_test","generative","42","conf_min_sc"
"generative-42-fin-test-82","1.0","1","fin_test","generative","42","conf_min_sc"
"generative-42-fin-test-83","0.0","0","fin_test","generative","42","conf_min_sc"
"generative-42-fin-test-84","1.0","1","fin_test","generative","42","conf_min_sc"
"generative-42-fin-test-85","1.0","1","fin_test","generative","42","conf_min_sc"
"generative-42-fin-test-86","0.6","0","fin_test","generative","42","conf_min_sc"
"generative-42-fin-test-87","1.0","1","fin_test","generative","42","conf_min_sc"
"generative-42-fin-test-88","1.0","1","fin_test","generative","42","conf_min_sc"
"generative-42-fin-test-89","1.0","1","fin_test","generative","42","conf_min_sc"
"generative-42-fin-test-90","0.0","0","fin_test","generative","42","conf_min_sc"
"generative-42-fin-test-91","1.0","1","fin_test","generative","42","conf_min_sc"
"generative-42-fin-test-92","1.0","1","fin_test","generative","42","conf_min_sc"
"generative-42-fin-test-93","1.0","1","fin_test","generative","42","conf_min_sc"
"generative-42-fin-test-96","1.0","1","fin_test","generative","42","conf_min_sc"
"generative-42-fin-test-97","0.0","0","fin_test","generative","42","conf_min_sc"
"generative-42-fin-test-98","1.0","1","fin_test","generative","42","conf_min_sc"
"generative-42-fin-test-100","1.0","1","fin_test","generative","42","conf_min_sc"
"generative-42-fin-test-101","1.0","1","fin_test","generative","42","conf_min_sc"
"generative-42-fin-test-104","1.0","1","fin_test","generative","42","conf_min_sc"
"generative-42-fin-test-105","1.0","1","fin_test","generative","42","conf_min_sc"
"generative-42-fin-test-106","0.2","1","fin_test","generative","42","conf_min_sc"
"generative-42-fin-test-107","1.0","1","fin_test","generative","42","conf_min_sc"
"generative-42-fin-test-108","1.0","1","fin_test","generative","42","conf_min_sc"
"generative-42-fin-test-109","1.0","1","fin_test","generative","42","conf_min_sc"
"generative-42-fin-test-110","1.0","1","fin_test","generative","42","conf_min_sc"
"generative-42-fin-test-111","1.0","1","fin_test","generative","42","conf_min_sc"
"generative-42-fin-test-112","1.0","0","fin_test","generative","42","conf_min_sc"
"generative-42-fin-test-113","1.0","1","fin_test","generative","42","conf_min_sc"
"generative-42-fin-test-114","1.0","1","fin_test","generative","42","conf_min_sc"
"generative-42-fin-test-115","0.8","0","fin_test","generative","42","conf_min_sc"
"generative-42-fin-test-116","1.0","1","fin_test","generative","42","conf_min_sc"
"generative-42-fin-test-117","1.0","1","fin_test","generative","42","conf_min_sc"
"generative-42-fin-test-118","1.0","1","fin_test","generative","42","conf_min_sc"
"generative-42-fin-test-119","0.0","0","fin_test","generative","42","conf_min_sc"
"generative-42-fin-test-120","1.0","1","fin_test","generative","42","conf_min_sc"
"generative-42-fin-test-121","1.0","1","fin_test","generative","42","conf_min_sc"
"generative-42-fin-test-122","0.0","0","fin_test","generative","42","conf_min_sc"
"generative-42-fin-test-123","1.0","1","fin_test","generative","42","conf_min_sc"
"generative-42-fin-test-124","0.2","0","fin_test","generative","42","conf_min_sc"
"generative-42-fin-test-125","0.4","0","fin_test","generative","42","conf_min_sc"
"generative-42-fin-test-126","0.2","0","fin_test","generative","42","conf_min_sc"
"generative-42-fin-test-127","1.0","1","fin_test","generative","42","conf_min_sc"
"generative-42-fin-test-128","1.0","1","fin_test","generative","42","conf_min_sc"
"generative-42-fin-test-129","1.0","1","fin_test","generative","42","conf_min_sc"
"generative-42-fin-test-130","1.0","1","fin_test","generative","42","conf_min_sc"
"generative-42-fin-test-131","1.0","1","fin_test","generative","42","conf_min_sc"
"generative-42-fin-test-132","1.0","1","fin_test","generative","42","conf_min_sc"
"generative-42-fin-test-133","1.0","1","fin_test","generative","42","conf_min_sc"
"generative-42-fin-test-134","1.0","0","fin_test","generative","42","conf_min_sc"
"generative-42-fin-test-135","1.0","0","fin_test","generative","42","conf_min_sc"
"generative-42-fin-test-136","1.0","0","fin_test","generative","42","conf_min_sc"
"generative-42-fin-test-137","1.0","0","fin_test","generative","42","conf_min_sc"
"generative-42-fin-test-138","1.0","0","fin_test","generative","42","conf_min_sc"
"generative-42-fin-test-139","1.0","0","fin_test","generative","42","conf_min_sc"
"generative-42-fin-test-140","1.0","1","fin_test","generative","42","conf_min_sc"
"generative-42-fin-test-141","1.0","1","fin_test","generative","42","conf_min_sc"
"generative-42-fin-test-142","1.0","1","fin_test","generative","42","conf_min_sc"
"generative-42-fin-test-143","1.0","1","fin_test","generative","42","conf_min_sc"
"generative-42-fin-test-144","1.0","1","fin_test","generative","42","conf_min_sc"
"generative-42-fin-test-145","1.0","0","fin_test","generative","42","conf_min_sc"
"generative-42-fin-test-146","1.0","1","fin_test","generative","42","conf_min_sc"
"generative-42-fin-test-147","1.0","1","fin_test","generative","42","conf_min_sc"
"generative-42-fin-test-148","1.0","0","fin_test","generative","42","conf_min_sc"
"generative-42-fin-test-149","1.0","0","fin_test","generative","42","conf_min_sc"
"generative-42-fin-test-150","1.0","0","fin_test","generative","42","conf_min_sc"
"generative-42-fin-test-151","1.0","0","fin_test","generative","42","conf_min_sc"
"generative-42-fin-test-152","1.0","0","fin_test","generative","42","conf_min_sc"
"generative-42-fin-test-153","1.0","1","fin_test","generative","42","conf_min_sc"
"generative-42-fin-test-154","1.0","1","fin_test","generative","42","conf_min_sc"
"generative-42-fin-test-155","1.0","0","fin_test","generative","42","conf_min_sc"
"generative-42-fin-test-156","1.0","0","fin_test","generative","42","conf_min_sc"
"generative-42-fin-test-157","1.0","0","fin_test","generative","42","conf_min_sc"
"generative-42-fin-test-158","1.0","1","fin_test","generative","42","conf_min_sc"
"generative-42-fin-test-159","1.0","0","fin_test","generative","42","conf_min_sc"
"generative-42-fin-test-160","1.0","1","fin_test","generative","42","conf_min_sc"
"generative-42-fin-test-161","1.0","1","fin_test","generative","42","conf_min_sc"
"generative-42-fin-test-162","1.0","1","fin_test","generative","42","conf_min_sc"
"generative-42-fin-test-163","1.0","1","fin_test","generative","42","conf_min_sc"
"generative-42-fin-test-164","1.0","1","fin_test","generative","42","conf_min_sc"
"generative-42-fin-test-165","1.0","1","fin_test","generative","42","conf_min_sc"
"generative-42-fin-test-166","1.0","1","fin_test","generative","42","conf_min_sc"
"generative-42-fin-test-167","1.0","0","fin_test","generative","42","conf_min_sc"
"generative-42-fin-test-168","0.6","0","fin_test","generative","42","conf_min_sc"
"generative-42-fin-test-169","0.2","0","fin_test","generative","42","conf_min_sc"
"generative-42-fin-test-170","0.0","0","fin_test","generative","42","conf_min_sc"
"generative-42-fin-test-171","1.0","0","fin_test","generative","42","conf_min_sc"
"generative-42-fin-test-172","0.2","0","fin_test","generative","42","conf_min_sc"
"generative-42-fin-test-173","1.0","0","fin_test","generative","42","conf_min_sc"
"generative-42-fin-test-174","1.0","1","fin_test","generative","42","conf_min_sc"
"generative-42-fin-test-175","0.8","1","fin_test","generative","42","conf_min_sc"
"generative-42-fin-test-176","1.0","0","fin_test","generative","42","conf_min_sc"
"generative-42-fin-test-177","1.0","1","fin_test","generative","42","conf_min_sc"
"generative-42-fin-test-178","1.0","1","fin_test","generative","42","conf_min_sc"
"generative-42-fin-test-179","0.0","0","fin_test","generative","42","conf_min_sc"
"generative-42-fin-test-180","0.2","0","fin_test","generative","42","conf_min_sc"
"generative-42-fin-test-181","0.0","0","fin_test","generative","42","conf_min_sc"
"generative-42-fin-test-182","1.0","1","fin_test","generative","42","conf_min_sc"
"generative-42-fin-test-183","1.0","1","fin_test","generative","42","conf_min_sc"
"generative-42-fin-test-184","1.0","1","fin_test","generative","42","conf_min_sc"
"generative-42-fin-test-185","1.0","1","fin_test","generative","42","conf_min_sc"
"generative-42-fin-test-186","1.0","1","fin_test","generative","42","conf_min_sc"
"generative-42-fin-test-187","0.8","0","fin_test","generative","42","conf_min_sc"
"generative-42-fin-test-188","0.4","0","fin_test","generative","42","conf_min_sc"
"generative-42-fin-test-189","1.0","1","fin_test","generative","42","conf_min_sc"
"generative-42-fin-test-190","1.0","1","fin_test","generative","42","conf_min_sc"
"generative-42-fin-test-191","1.0","1","fin_test","generative","42","conf_min_sc"
"generative-42-fin-test-192","1.0","1","fin_test","generative","42","conf_min_sc"
"generative-42-fin-test-193","1.0","1","fin_test","generative","42","conf_min_sc"
"generative-42-fin-test-194","1.0","1","fin_test","generative","42","conf_min_sc"
"generative-42-fin-test-195","1.0","1","fin_test","generative","42","conf_min_sc"
"generative-42-fin-test-196","1.0","1","fin_test","generative","42","conf_min_sc"
"generative-42-fin-test-197","1.0","0","fin_test","generative","42","conf_min_sc"
"generative-42-fin-test-198","1.0","0","fin_test","generative","42","conf_min_sc"
"generative-42-fin-test-199","1.0","1","fin_test","generative","42","conf_min_sc"
"generative-42-fin-test-200","0.4","0","fin_test","generative","42","conf_min_sc"
"generative-42-fin-test-201","0.4","0","fin_test","generative","42","conf_min_sc"
"generative-42-fin-test-202","0.2","0","fin_test","generative","42","conf_min_sc"
"generative-42-fin-test-203","1.0","1","fin_test","generative","42","conf_min_sc"
"generative-42-fin-test-204","1.0","1","fin_test","generative","42","conf_min_sc"
"generative-42-fin-test-205","0.2","0","fin_test","generative","42","conf_min_sc"
"generative-42-fin-test-206","1.0","1","fin_test","generative","42","conf_min_sc"
"generative-42-fin-test-207","1.0","1","fin_test","generative","42","conf_min_sc"
"generative-42-fin-test-208","0.2","0","fin_test","generative","42","conf_min_sc"
"generative-42-fin-test-209","1.0","1","fin_test","generative","42","conf_min_sc"
"generative-42-fin-test-210","1.0","1","fin_test","generative","42","conf_min_sc"
"generative-42-fin-test-211","1.0","1","fin_test","generative","42","conf_min_sc"
"generative-42-fin-test-212","1.0","1","fin_test","generative","42","conf_min_sc"
"generative-42-fin-test-213","1.0","1","fin_test","generative","42","conf_min_sc"
"generative-42-fin-test-214","0.0","0","fin_test","generative","42","conf_min_sc"
"generative-42-fin-test-215","1.0","1","fin_test","generative","42","conf_min_sc"
"generative-42-fin-test-216","1.0","1","fin_test","generative","42","conf_min_sc"
"generative-42-fin-test-217","1.0","1","fin_test","generative","42","conf_min_sc"
"generative-42-fin-test-218","1.0","1","fin_test","generative","42","conf_min_sc"
"generative-42-fin-test-219","1.0","1","fin_test","generative","42","conf_min_sc"
"generative-42-fin-test-220","1.0","1","fin_test","generative","42","conf_min_sc"
"generative-42-fin-test-221","1.0","1","fin_test","generative","42","conf_min_sc"
"generative-42-fin-test-222","0.2","0","fin_test","generative","42","conf_min_sc"
"generative-42-fin-test-223","1.0","1","fin_test","generative","42","conf_min_sc"
"generative-42-fin-test-224","1.0","1","fin_test","generative","42","conf_min_sc"
"generative-42-fin-test-225","1.0","1","fin_test","generative","42","conf_min_sc"
"generative-42-fin-test-226","1.0","1","fin_test","generative","42","conf_min_sc"
"generative-42-fin-test-227","1.0","1","fin_test","generative","42","conf_min_sc"
"generative-42-fin-test-228","1.0","1","fin_test","generative","42","conf_min_sc"
"generative-42-fin-test-229","1.0","1","fin_test","generative","42","conf_min_sc"
"generative-42-fin-test-230","1.0","1","fin_test","generative","42","conf_min_sc"
"generative-42-fin-test-231","1.0","1","fin_test","generative","42","conf_min_sc"
"generative-42-fin-test-232","1.0","1","fin_test","generative","42","conf_min_sc"
"generative-42-fin-test-233","1.0","1","fin_test","generative","42","conf_min_sc"
"generative-42-fin-test-234","1.0","1","fin_test","generative","42","conf_min_sc"
"generative-42-fin-test-235","1.0","1","fin_test","generative","42","conf_min_sc"
"generative-42-fin-test-236","1.0","1","fin_test","generative","42","conf_min_sc"
"generative-42-fin-test-237","1.0","1","fin_test","generative","42","conf_min_sc"
"generative-42-fin-test-238","1.0","1","fin_test","generative","42","conf_min_sc"
"generative-42-fin-test-239","1.0","1","fin_test","generative","42","conf_min_sc"
"generative-42-fin-test-240","1.0","1","fin_test","generative","42","conf_min_sc"
"generative-42-fin-test-241","1.0","1","fin_test","generative","42","conf_min_sc"
"generative-42-fin-test-242","1.0","1","fin_test","generative","42","conf_min_sc"
"generative-42-fin-test-243","1.0","1","fin_test","generative","42","conf_min_sc"
"generative-42-fin-test-244","1.0","1","fin_test","generative","42","conf_min_sc"
"generative-42-fin-test-245","0.0","0","fin_test","generative","42","conf_min_sc"
"generative-42-fin-test-246","1.0","1","fin_test","generative","42","conf_min_sc"
"generative-42-fin-test-247","1.0","1","fin_test","generative","42","conf_min_sc"
"generative-42-fin-test-248","1.0","1","fin_test","generative","42","conf_min_sc"
"generative-42-fin-test-249","0.2","0","fin_test","generative","42","conf_min_sc"
"generative-42-fin-test-250","1.0","1","fin_test","generative","42","conf_min_sc"
"generative-42-fin-test-251","1.0","1","fin_test","generative","42","conf_min_sc"
"generative-42-fin-test-252","1.0","1","fin_test","generative","42","conf_min_sc"
"generative-42-fin-test-253","1.0","0","fin_test","generative","42","conf_min_sc"
"generative-42-fin-test-254","1.0","1","fin_test","generative","42","conf_min_sc"
"generative-42-fin-test-255","1.0","1","fin_test","generative","42","conf_min_sc"
"generative-42-fin-test-256","0.2","0","fin_test","generative","42","conf_min_sc"
"generative-42-fin-test-257","1.0","1","fin_test","generative","42","conf_min_sc"
"generative-42-fin-test-258","1.0","0","fin_test","generative","42","conf_min_sc"
"generative-42-fin-test-259","0.8","0","fin_test","generative","42","conf_min_sc"
"generative-42-fin-test-260","0.4","0","fin_test","generative","42","conf_min_sc"
"generative-42-fin-test-261","1.0","0","fin_test","generative","42","conf_min_sc"
"generative-42-fin-test-262","1.0","1","fin_test","generative","42","conf_min_sc"
"generative-42-fin-test-263","1.0","1","fin_test","generative","42","conf_min_sc"
"generative-42-fin-test-264","1.0","1","fin_test","generative","42","conf_min_sc"
"generative-42-fin-test-265","1.0","1","fin_test","generative","42","conf_min_sc"
"generative-42-fin-test-266","1.0","1","fin_test","generative","42","conf_min_sc"
"generative-42-fin-test-267","1.0","1","fin_test","generative","42","conf_min_sc"
"generative-42-fin-test-268","1.0","1","fin_test","generative","42","conf_min_sc"
"generative-42-fin-test-269","1.0","1","fin_test","generative","42","conf_min_sc"
"generative-42-fin-test-270","1.0","1","fin_test","generative","42","conf_min_sc"
"generative-42-fin-test-271","1.0","0","fin_test","generative","42","conf_min_sc"
"generative-42-fin-test-272","1.0","0","fin_test","generative","42","conf_min_sc"
"generative-42-fin-test-273","1.0","1","fin_test","generative","42","conf_min_sc"
"generative-42-fin-test-274","1.0","1","fin_test","generative","42","conf_min_sc"
"generative-42-fin-test-275","1.0","1","fin_test","generative","42","conf_min_sc"
"generative-42-fin-test-276","1.0","0","fin_test","generative","42","conf_min_sc"
"generative-42-fin-test-277","1.0","0","fin_test","generative","42","conf_min_sc"
"generative-42-fin-test-278","1.0","1","fin_test","generative","42","conf_min_sc"
"generative-42-fin-test-279","1.0","1","fin_test","generative","42","conf_min_sc"
"generative-42-fin-test-280","1.0","1","fin_test","generative","42","conf_min_sc"
"generative-42-fin-test-281","1.0","0","fin_test","generative","42","conf_min_sc"
"generative-42-fin-test-282","1.0","1","fin_test","generative","42","conf_min_sc"
"generative-42-fin-test-283","1.0","0","fin_test","generative","42","conf_min_sc"
"generative-42-fin-test-284","1.0","1","fin_test","generative","42","conf_min_sc"
"generative-42-fin-test-285","1.0","1","fin_test","generative","42","conf_min_sc"
"generative-42-fin-test-286","1.0","1","fin_test","generative","42","conf_min_sc"
"generative-42-fin-test-287","1.0","0","fin_test","generative","42","conf_min_sc"
"generative-42-fin-test-288","1.0","0","fin_test","generative","42","conf_min_sc"
"generative-42-fin-test-289","1.0","1","fin_test","generative","42","conf_min_sc"
"generative-42-fin-test-290","1.0","1","fin_test","generative","42","conf_min_sc"
"generative-42-fin-test-291","1.0","1","fin_test","generative","42","conf_min_sc"
"generative-42-fin-test-292","0.4","0","fin_test","generative","42","conf_min_sc"
"generative-42-fin-test-293","1.0","1","fin_test","generative","42","conf_min_sc"
"generative-42-fin-test-294","1.0","0","fin_test","generative","42","conf_min_sc"
"generative-42-fin-test-295","1.0","1","fin_test","generative","42","conf_min_sc"
"generative-42-fin-test-296","1.0","1","fin_test","generative","42","conf_min_sc"
"generative-42-fin-test-297","1.0","1","fin_test","generative","42","conf_min_sc"
"generative-42-fin-test-298","1.0","1","fin_test","generative","42","conf_min_sc"
"generative-42-fin-test-299","1.0","1","fin_test","generative","42","conf_min_sc"
"generative-42-fin-test-300","1.0","0","fin_test","generative","42","conf_min_sc"
"generative-42-fin-test-301","1.0","0","fin_test","generative","42","conf_min_sc"
"generative-42-fin-test-302","1.0","1","fin_test","generative","42","conf_min_sc"
"generative-42-fin-test-303","0.2","0","fin_test","generative","42","conf_min_sc"
"generative-42-fin-test-304","0.2","0","fin_test","generative","42","conf_min_sc"
"generative-42-finer_ord-test-3","1.0","1","finer_ord_test","generative","42","conf_min_sc"
"generative-42-finer_ord-test-5","1.0","1","finer_ord_test","generative","42","conf_min_sc"
"generative-42-finer_ord-test-6","0.2","0","finer_ord_test","generative","42","conf_min_sc"
"generative-42-finer_ord-test-11","1.0","0","finer_ord_test","generative","42","conf_min_sc"
"generative-42-finer_ord-test-15","0.2","0","finer_ord_test","generative","42","conf_min_sc"
"generative-42-finer_ord-test-17","1.0","1","finer_ord_test","generative","42","conf_min_sc"
"generative-42-finer_ord-test-29","1.0","1","finer_ord_test","generative","42","conf_min_sc"
"generative-42-finer_ord-test-32","1.0","1","finer_ord_test","generative","42","conf_min_sc"
"generative-42-finer_ord-test-35","1.0","1","finer_ord_test","generative","42","conf_min_sc"
"generative-42-finer_ord-test-36","1.0","1","finer_ord_test","generative","42","conf_min_sc"
"generative-42-finer_ord-test-37","1.0","1","finer_ord_test","generative","42","conf_min_sc"
"generative-42-finer_ord-test-39","1.0","1","finer_ord_test","generative","42","conf_min_sc"
"generative-42-finer_ord-test-55","0.0","0","finer_ord_test","generative","42","conf_min_sc"
"generative-42-finer_ord-test-57","0.2","0","finer_ord_test","generative","42","conf_min_sc"
"generative-42-finer_ord-test-58","1.0","0","finer_ord_test","generative","42","conf_min_sc"
"generative-42-finer_ord-test-61","0.0","0","finer_ord_test","generative","42","conf_min_sc"
"generative-42-finer_ord-test-63","1.0","0","finer_ord_test","generative","42","conf_min_sc"
"generative-42-finer_ord-test-71","1.0","0","finer_ord_test","generative","42","conf_min_sc"
"generative-42-finer_ord-test-72","1.0","1","finer_ord_test","generative","42","conf_min_sc"
"generative-42-finer_ord-test-76","1.0","0","finer_ord_test","generative","42","conf_min_sc"
"generative-42-finer_ord-test-77","1.0","1","finer_ord_test","generative","42","conf_min_sc"
"generative-42-finer_ord-test-81","1.0","0","finer_ord_test","generative","42","conf_min_sc"
"generative-42-finer_ord-test-82","1.0","0","finer_ord_test","generative","42","conf_min_sc"
"generative-42-finer_ord-test-83","1.0","0","finer_ord_test","generative","42","conf_min_sc"
"generative-42-finer_ord-test-84","1.0","0","finer_ord_test","generative","42","conf_min_sc"
"generative-42-finer_ord-test-90","1.0","0","finer_ord_test","generative","42","conf_min_sc"
"generative-42-finer_ord-test-91","1.0","1","finer_ord_test","generative","42","conf_min_sc"
"generative-42-finer_ord-test-92","0.2","0","finer_ord_test","generative","42","conf_min_sc"
"generative-42-finer_ord-test-94","0.0","0","finer_ord_test","generative","42","conf_min_sc"
"generative-42-finer_ord-test-97","1.0","0","finer_ord_test","generative","42","conf_min_sc"
"generative-42-finer_ord-test-98","1.0","0","finer_ord_test","generative","42","conf_min_sc"
"generative-42-finer_ord-test-101","0.4","0","finer_ord_test","generative","42","conf_min_sc"
"generative-42-finer_ord-test-107","1.0","1","finer_ord_test","generative","42","conf_min_sc"
"generative-42-finer_ord-test-110","1.0","0","finer_ord_test","generative","42","conf_min_sc"
"generative-42-finer_ord-test-123","1.0","0","finer_ord_test","generative","42","conf_min_sc"
"generative-42-finer_ord-test-124","1.0","0","finer_ord_test","generative","42","conf_min_sc"
"generative-42-finer_ord-test-129","1.0","0","finer_ord_test","generative","42","conf_min_sc"
"generative-42-finer_ord-test-132","1.0","0","finer_ord_test","generative","42","conf_min_sc"
"generative-42-finer_ord-test-133","1.0","1","finer_ord_test","generative","42","conf_min_sc"
"generative-42-finer_ord-test-135","1.0","1","finer_ord_test","generative","42","conf_min_sc"
"generative-42-finer_ord-test-139","1.0","0","finer_ord_test","generative","42","conf_min_sc"
"generative-42-finer_ord-test-140","1.0","0","finer_ord_test","generative","42","conf_min_sc"
"generative-42-finer_ord-test-141","1.0","0","finer_ord_test","generative","42","conf_min_sc"
"generative-42-finer_ord-test-142","1.0","0","finer_ord_test","generative","42","conf_min_sc"
"generative-42-finer_ord-test-144","0.0","0","finer_ord_test","generative","42","conf_min_sc"
"generative-42-finer_ord-test-145","1.0","0","finer_ord_test","generative","42","conf_min_sc"
"generative-42-finer_ord-test-148","0.2","0","finer_ord_test","generative","42","conf_min_sc"
"generative-42-finer_ord-test-149","0.0","0","finer_ord_test","generative","42","conf_min_sc"
"generative-42-finer_ord-test-150","1.0","1","finer_ord_test","generative","42","conf_min_sc"
"generative-42-finer_ord-test-152","1.0","1","finer_ord_test","generative","42","conf_min_sc"
"generative-42-finer_ord-test-154","1.0","1","finer_ord_test","generative","42","conf_min_sc"
"generative-42-finer_ord-test-156","0.6","0","finer_ord_test","generative","42","conf_min_sc"
"generative-42-finer_ord-test-160","1.0","0","finer_ord_test","generative","42","conf_min_sc"
"generative-42-finer_ord-test-164","1.0","0","finer_ord_test","generative","42","conf_min_sc"
"generative-42-finer_ord-test-169","0.4","0","finer_ord_test","generative","42","conf_min_sc"
"generative-42-finer_ord-test-171","1.0","0","finer_ord_test","generative","42","conf_min_sc"
"generative-42-finer_ord-test-173","0.4","0","finer_ord_test","generative","42","conf_min_sc"
"generative-42-finer_ord-test-179","0.8","0","finer_ord_test","generative","42","conf_min_sc"
"generative-42-finer_ord-test-182","1.0","1","finer_ord_test","generative","42","conf_min_sc"
"generative-42-finer_ord-test-185","1.0","0","finer_ord_test","generative","42","conf_min_sc"
"generative-42-finer_ord-test-186","1.0","1","finer_ord_test","generative","42","conf_min_sc"
"generative-42-finer_ord-test-190","0.2","0","finer_ord_test","generative","42","conf_min_sc"
"generative-42-finer_ord-test-201","0.4","0","finer_ord_test","generative","42","conf_min_sc"
"generative-42-finer_ord-test-207","1.0","0","finer_ord_test","generative","42","conf_min_sc"
"generative-42-finer_ord-test-210","1.0","0","finer_ord_test","generative","42","conf_min_sc"
"generative-42-finer_ord-test-211","1.0","0","finer_ord_test","generative","42","conf_min_sc"
"generative-42-finer_ord-test-212","0.0","0","finer_ord_test","generative","42","conf_min_sc"
"generative-42-finer_ord-test-221","1.0","1","finer_ord_test","generative","42","conf_min_sc"
"generative-42-finer_ord-test-227","1.0","0","finer_ord_test","generative","42","conf_min_sc"
"generative-42-finer_ord-test-232","1.0","0","finer_ord_test","generative","42","conf_min_sc"
"generative-42-finer_ord-test-234","0.4","0","finer_ord_test","generative","42","conf_min_sc"
"generative-42-finer_ord-test-239","1.0","1","finer_ord_test","generative","42","conf_min_sc"
"generative-42-finer_ord-test-244","1.0","1","finer_ord_test","generative","42","conf_min_sc"
"generative-42-finer_ord-test-246","1.0","0","finer_ord_test","generative","42","conf_min_sc"
"generative-42-finer_ord-test-253","1.0","0","finer_ord_test","generative","42","conf_min_sc"
"generative-42-finer_ord-test-264","1.0","1","finer_ord_test","generative","42","conf_min_sc"
"generative-42-finer_ord-test-268","1.0","0","finer_ord_test","generative","42","conf_min_sc"
"generative-42-finer_ord-test-271","1.0","0","finer_ord_test","generative","42","conf_min_sc"
"generative-42-finer_ord-test-280","1.0","0","finer_ord_test","generative","42","conf_min_sc"
"generative-42-finer_ord-test-284","0.2","0","finer_ord_test","generative","42","conf_min_sc"
"generative-42-finer_ord-test-286","1.0","1","finer_ord_test","generative","42","conf_min_sc"
"generative-42-finer_ord-test-289","0.2","0","finer_ord_test","generative","42","conf_min_sc"
"generative-42-finer_ord-test-294","1.0","1","finer_ord_test","generative","42","conf_min_sc"
"generative-42-finer_ord-test-295","1.0","0","finer_ord_test","generative","42","conf_min_sc"
"generative-42-finer_ord-test-296","1.0","1","finer_ord_test","generative","42","conf_min_sc"
"generative-42-finer_ord-test-298","1.0","1","finer_ord_test","generative","42","conf_min_sc"
"generative-42-finer_ord-test-302","0.6","0","finer_ord_test","generative","42","conf_min_sc"
"generative-42-finer_ord-test-303","1.0","0","finer_ord_test","generative","42","conf_min_sc"
"generative-42-finer_ord-test-304","1.0","0","finer_ord_test","generative","42","conf_min_sc"
"generative-42-finer_ord-test-310","1.0","0","finer_ord_test","generative","42","conf_min_sc"
"generative-42-finer_ord-test-313","1.0","0","finer_ord_test","generative","42","conf_min_sc"
"generative-42-finer_ord-test-316","1.0","0","finer_ord_test","generative","42","conf_min_sc"
"generative-42-finer_ord-test-317","0.0","1","finer_ord_test","generative","42","conf_min_sc"
"generative-42-finer_ord-test-321","1.0","0","finer_ord_test","generative","42","conf_min_sc"
"generative-42-finer_ord-test-332","1.0","0","finer_ord_test","generative","42","conf_min_sc"
"generative-42-finer_ord-test-335","1.0","1","finer_ord_test","generative","42","conf_min_sc"
"generative-42-finer_ord-test-336","0.0","0","finer_ord_test","generative","42","conf_min_sc"
"generative-42-finer_ord-test-338","0.0","0","finer_ord_test","generative","42","conf_min_sc"
"generative-42-finer_ord-test-342","1.0","0","finer_ord_test","generative","42","conf_min_sc"
"generative-42-finer_ord-test-346","1.0","1","finer_ord_test","generative","42","conf_min_sc"
"generative-42-finer_ord-test-348","1.0","0","finer_ord_test","generative","42","conf_min_sc"
"generative-42-finer_ord-test-350","1.0","0","finer_ord_test","generative","42","conf_min_sc"
"generative-42-finer_ord-test-356","1.0","1","finer_ord_test","generative","42","conf_min_sc"
"generative-42-finer_ord-test-357","1.0","0","finer_ord_test","generative","42","conf_min_sc"
"generative-42-finer_ord-test-361","1.0","1","finer_ord_test","generative","42","conf_min_sc"
"generative-42-finer_ord-test-363","0.4","0","finer_ord_test","generative","42","conf_min_sc"
"generative-42-finer_ord-test-374","1.0","1","finer_ord_test","generative","42","conf_min_sc"
"generative-42-finer_ord-test-376","0.0","0","finer_ord_test","generative","42","conf_min_sc"
"generative-42-finer_ord-test-380","1.0","1","finer_ord_test","generative","42","conf_min_sc"
"generative-42-finer_ord-test-392","0.0","0","finer_ord_test","generative","42","conf_min_sc"
"generative-42-finer_ord-test-398","1.0","0","finer_ord_test","generative","42","conf_min_sc"
"generative-42-finer_ord-test-402","1.0","1","finer_ord_test","generative","42","conf_min_sc"
"generative-42-finer_ord-test-405","1.0","0","finer_ord_test","generative","42","conf_min_sc"
"generative-42-finer_ord-test-409","0.0","0","finer_ord_test","generative","42","conf_min_sc"
"generative-42-finer_ord-test-413","1.0","0","finer_ord_test","generative","42","conf_min_sc"
"generative-42-finer_ord-test-416","1.0","0","finer_ord_test","generative","42","conf_min_sc"
"generative-42-finer_ord-test-417","1.0","0","finer_ord_test","generative","42","conf_min_sc"
"generative-42-finer_ord-test-420","0.0","0","finer_ord_test","generative","42","conf_min_sc"
"generative-42-finer_ord-test-422","1.0","1","finer_ord_test","generative","42","conf_min_sc"
"generative-42-finer_ord-test-424","0.2","0","finer_ord_test","generative","42","conf_min_sc"
"generative-42-finer_ord-test-427","1.0","1","finer_ord_test","generative","42","conf_min_sc"
"generative-42-finer_ord-test-434","1.0","1","finer_ord_test","generative","42","conf_min_sc"
"generative-42-finer_ord-test-438","1.0","1","finer_ord_test","generative","42","conf_min_sc"
"generative-42-finer_ord-test-440","1.0","1","finer_ord_test","generative","42","conf_min_sc"
"generative-42-finer_ord-test-444","0.0","0","finer_ord_test","generative","42","conf_min_sc"
"generative-42-finer_ord-test-447","0.4","0","finer_ord_test","generative","42","conf_min_sc"
"generative-42-finer_ord-test-449","1.0","0","finer_ord_test","generative","42","conf_min_sc"
"generative-42-finer_ord-test-466","0.0","0","finer_ord_test","generative","42","conf_min_sc"
"generative-42-finer_ord-test-470","1.0","0","finer_ord_test","generative","42","conf_min_sc"
"generative-42-finer_ord-test-476","1.0","0","finer_ord_test","generative","42","conf_min_sc"
"generative-42-finer_ord-test-479","1.0","0","finer_ord_test","generative","42","conf_min_sc"
"generative-42-finer_ord-test-483","1.0","0","finer_ord_test","generative","42","conf_min_sc"
"generative-42-finer_ord-test-484","1.0","0","finer_ord_test","generative","42","conf_min_sc"
"generative-42-finer_ord-test-489","0.0","0","finer_ord_test","generative","42","conf_min_sc"
"generative-42-finer_ord-test-495","1.0","0","finer_ord_test","generative","42","conf_min_sc"
"generative-42-finer_ord-test-498","1.0","0","finer_ord_test","generative","42","conf_min_sc"
"generative-42-finer_ord-test-502","1.0","1","finer_ord_test","generative","42","conf_min_sc"
"generative-42-finer_ord-test-510","0.0","0","finer_ord_test","generative","42","conf_min_sc"
"generative-42-finer_ord-test-511","1.0","1","finer_ord_test","generative","42","conf_min_sc"
"generative-42-finer_ord-test-521","1.0","0","finer_ord_test","generative","42","conf_min_sc"
"generative-42-finer_ord-test-523","1.0","0","finer_ord_test","generative","42","conf_min_sc"
"generative-42-finer_ord-test-526","1.0","1","finer_ord_test","generative","42","conf_min_sc"
"generative-42-finer_ord-test-527","1.0","1","finer_ord_test","generative","42","conf_min_sc"
"generative-42-finer_ord-test-533","0.0","0","finer_ord_test","generative","42","conf_min_sc"
"generative-42-finer_ord-test-535","0.0","0","finer_ord_test","generative","42","conf_min_sc"
"generative-42-finer_ord-test-544","1.0","1","finer_ord_test","generative","42","conf_min_sc"
"generative-42-finer_ord-test-545","0.0","0","finer_ord_test","generative","42","conf_min_sc"
"generative-42-finer_ord-test-547","0.0","0","finer_ord_test","generative","42","conf_min_sc"
"generative-42-finer_ord-test-551","1.0","1","finer_ord_test","generative","42","conf_min_sc"
"generative-42-finer_ord-test-552","1.0","0","finer_ord_test","generative","42","conf_min_sc"
"generative-42-finer_ord-test-556","1.0","1","finer_ord_test","generative","42","conf_min_sc"
"generative-42-finer_ord-test-558","1.0","0","finer_ord_test","generative","42","conf_min_sc"
"generative-42-finer_ord-test-559","1.0","1","finer_ord_test","generative","42","conf_min_sc"
"generative-42-finer_ord-test-561","1.0","1","finer_ord_test","generative","42","conf_min_sc"
"generative-42-finer_ord-test-563","1.0","0","finer_ord_test","generative","42","conf_min_sc"
"generative-42-finer_ord-test-566","1.0","0","finer_ord_test","generative","42","conf_min_sc"
"generative-42-finer_ord-test-569","1.0","1","finer_ord_test","generative","42","conf_min_sc"
"generative-42-finer_ord-test-571","0.4","0","finer_ord_test","generative","42","conf_min_sc"
"generative-42-finer_ord-test-573","1.0","1","finer_ord_test","generative","42","conf_min_sc"
"generative-42-finer_ord-test-576","1.0","1","finer_ord_test","generative","42","conf_min_sc"
"generative-42-finer_ord-test-584","1.0","1","finer_ord_test","generative","42","conf_min_sc"
"generative-42-finer_ord-test-586","0.6","0","finer_ord_test","generative","42","conf_min_sc"
"generative-42-finer_ord-test-590","1.0","1","finer_ord_test","generative","42","conf_min_sc"
"generative-42-finer_ord-test-593","1.0","0","finer_ord_test","generative","42","conf_min_sc"
"generative-42-finer_ord-test-599","1.0","0","finer_ord_test","generative","42","conf_min_sc"
"generative-42-finer_ord-test-600","0.2","0","finer_ord_test","generative","42","conf_min_sc"
"generative-42-finer_ord-test-601","0.4","0","finer_ord_test","generative","42","conf_min_sc"
"generative-42-finer_ord-test-605","1.0","0","finer_ord_test","generative","42","conf_min_sc"
"generative-42-finer_ord-test-609","0.0","0","finer_ord_test","generative","42","conf_min_sc"
"generative-42-finer_ord-test-611","0.8","1","finer_ord_test","generative","42","conf_min_sc"
"generative-42-finer_ord-test-614","0.4","0","finer_ord_test","generative","42","conf_min_sc"
"generative-42-finer_ord-test-618","0.4","0","finer_ord_test","generative","42","conf_min_sc"
"generative-42-finer_ord-test-619","0.0","0","finer_ord_test","generative","42","conf_min_sc"
"generative-42-finer_ord-test-623","1.0","1","finer_ord_test","generative","42","conf_min_sc"
"generative-42-finer_ord-test-624","1.0","1","finer_ord_test","generative","42","conf_min_sc"
"generative-42-finer_ord-test-625","1.0","0","finer_ord_test","generative","42","conf_min_sc"
"generative-42-finer_ord-test-630","0.2","0","finer_ord_test","generative","42","conf_min_sc"
"generative-42-finer_ord-test-640","0.0","0","finer_ord_test","generative","42","conf_min_sc"
"generative-42-finer_ord-test-641","0.0","0","finer_ord_test","generative","42","conf_min_sc"
"generative-42-finer_ord-test-643","1.0","1","finer_ord_test","generative","42","conf_min_sc"
"generative-42-finer_ord-test-649","1.0","1","finer_ord_test","generative","42","conf_min_sc"
"generative-42-finer_ord-test-653","1.0","1","finer_ord_test","generative","42","conf_min_sc"
"generative-42-finer_ord-test-657","0.6","0","finer_ord_test","generative","42","conf_min_sc"
"generative-42-finer_ord-test-659","1.0","0","finer_ord_test","generative","42","conf_min_sc"
"generative-42-finer_ord-test-662","1.0","1","finer_ord_test","generative","42","conf_min_sc"
"generative-42-finer_ord-test-664","1.0","1","finer_ord_test","generative","42","conf_min_sc"
"generative-42-finer_ord-test-666","1.0","1","finer_ord_test","generative","42","conf_min_sc"
"generative-42-finer_ord-test-668","1.0","1","finer_ord_test","generative","42","conf_min_sc"
"generative-42-finer_ord-test-677","1.0","1","finer_ord_test","generative","42","conf_min_sc"
"generative-42-finer_ord-test-678","1.0","1","finer_ord_test","generative","42","conf_min_sc"
"generative-42-finer_ord-test-679","1.0","1","finer_ord_test","generative","42","conf_min_sc"
"generative-42-finer_ord-test-683","0.6","1","finer_ord_test","generative","42","conf_min_sc"
"generative-42-finer_ord-test-684","1.0","1","finer_ord_test","generative","42","conf_min_sc"
"generative-42-finer_ord-test-695","1.0","1","finer_ord_test","generative","42","conf_min_sc"
"generative-42-finer_ord-test-696","1.0","1","finer_ord_test","generative","42","conf_min_sc"
"generative-42-finer_ord-test-699","1.0","1","finer_ord_test","generative","42","conf_min_sc"
"generative-42-finer_ord-test-707","1.0","1","finer_ord_test","generative","42","conf_min_sc"
"generative-42-finer_ord-test-708","1.0","1","finer_ord_test","generative","42","conf_min_sc"
"generative-42-finer_ord-test-709","1.0","1","finer_ord_test","generative","42","conf_min_sc"
"generative-42-finer_ord-test-712","1.0","1","finer_ord_test","generative","42","conf_min_sc"
"generative-42-finer_ord-test-714","1.0","0","finer_ord_test","generative","42","conf_min_sc"
"generative-42-finer_ord-test-715","1.0","0","finer_ord_test","generative","42","conf_min_sc"
"generative-42-finer_ord-test-721","1.0","0","finer_ord_test","generative","42","conf_min_sc"
"generative-42-finer_ord-test-724","1.0","0","finer_ord_test","generative","42","conf_min_sc"
"generative-42-finer_ord-test-726","1.0","1","finer_ord_test","generative","42","conf_min_sc"
"generative-42-finer_ord-test-727","1.0","1","finer_ord_test","generative","42","conf_min_sc"
"generative-42-finer_ord-test-730","1.0","1","finer_ord_test","generative","42","conf_min_sc"
"generative-42-finer_ord-test-739","1.0","1","finer_ord_test","generative","42","conf_min_sc"
"generative-42-finer_ord-test-740","1.0","1","finer_ord_test","generative","42","conf_min_sc"
"generative-42-finer_ord-test-743","1.0","1","finer_ord_test","generative","42","conf_min_sc"
"generative-42-finer_ord-test-750","1.0","1","finer_ord_test","generative","42","conf_min_sc"
"generative-42-finer_ord-test-753","1.0","1","finer_ord_test","generative","42","conf_min_sc"
"generative-42-finer_ord-test-755","1.0","1","finer_ord_test","generative","42","conf_min_sc"
"generative-42-finer_ord-test-756","1.0","1","finer_ord_test","generative","42","conf_min_sc"
"generative-42-finer_ord-test-760","1.0","1","finer_ord_test","generative","42","conf_min_sc"
"generative-42-finer_ord-test-761","1.0","1","finer_ord_test","generative","42","conf_min_sc"
"generative-42-finer_ord-test-763","1.0","1","finer_ord_test","generative","42","conf_min_sc"
"generative-42-finer_ord-test-768","1.0","1","finer_ord_test","generative","42","conf_min_sc"
"generative-42-finer_ord-test-771","1.0","1","finer_ord_test","generative","42","conf_min_sc"
"generative-42-finer_ord-test-772","1.0","1","finer_ord_test","generative","42","conf_min_sc"
"generative-42-finer_ord-test-777","1.0","1","finer_ord_test","generative","42","conf_min_sc"
"generative-42-finer_ord-test-779","1.0","1","finer_ord_test","generative","42","conf_min_sc"
"generative-42-finer_ord-test-780","1.0","1","finer_ord_test","generative","42","conf_min_sc"
"generative-42-finer_ord-test-790","1.0","1","finer_ord_test","generative","42","conf_min_sc"
"generative-42-finer_ord-test-801","1.0","1","finer_ord_test","generative","42","conf_min_sc"
"generative-42-finer_ord-test-805","1.0","0","finer_ord_test","generative","42","conf_min_sc"
"generative-42-finer_ord-test-808","1.0","0","finer_ord_test","generative","42","conf_min_sc"
"generative-42-finer_ord-test-809","1.0","1","finer_ord_test","generative","42","conf_min_sc"
"generative-42-finer_ord-test-812","1.0","0","finer_ord_test","generative","42","conf_min_sc"
"generative-42-finer_ord-test-815","1.0","0","finer_ord_test","generative","42","conf_min_sc"
"generative-42-finer_ord-test-819","1.0","0","finer_ord_test","generative","42","conf_min_sc"
"generative-42-finer_ord-test-820","0.6","1","finer_ord_test","generative","42","conf_min_sc"
"generative-42-finer_ord-test-822","1.0","0","finer_ord_test","generative","42","conf_min_sc"
"generative-42-finer_ord-test-835","1.0","0","finer_ord_test","generative","42","conf_min_sc"
"generative-42-finer_ord-test-836","1.0","0","finer_ord_test","generative","42","conf_min_sc"
"generative-42-finer_ord-test-838","1.0","1","finer_ord_test","generative","42","conf_min_sc"
"generative-42-finer_ord-test-840","1.0","0","finer_ord_test","generative","42","conf_min_sc"
"generative-42-finer_ord-test-849","1.0","0","finer_ord_test","generative","42","conf_min_sc"
"generative-42-finer_ord-test-852","1.0","0","finer_ord_test","generative","42","conf_min_sc"
"generative-42-finer_ord-test-862","1.0","0","finer_ord_test","generative","42","conf_min_sc"
"generative-42-finer_ord-test-864","0.2","0","finer_ord_test","generative","42","conf_min_sc"
"generative-42-finer_ord-test-873","1.0","1","finer_ord_test","generative","42","conf_min_sc"
"generative-42-finer_ord-test-878","1.0","0","finer_ord_test","generative","42","conf_min_sc"
"generative-42-finer_ord-test-886","1.0","0","finer_ord_test","generative","42","conf_min_sc"
"generative-42-finer_ord-test-889","1.0","1","finer_ord_test","generative","42","conf_min_sc"
"generative-42-finer_ord-test-893","1.0","1","finer_ord_test","generative","42","conf_min_sc"
"generative-42-finer_ord-test-896","1.0","0","finer_ord_test","generative","42","conf_min_sc"
"generative-42-finer_ord-test-900","1.0","1","finer_ord_test","generative","42","conf_min_sc"
"generative-42-finer_ord-test-902","1.0","0","finer_ord_test","generative","42","conf_min_sc"
"generative-42-finer_ord-test-908","1.0","0","finer_ord_test","generative","42","conf_min_sc"
"generative-42-finer_ord-test-911","1.0","0","finer_ord_test","generative","42","conf_min_sc"
"generative-42-finer_ord-test-914","1.0","1","finer_ord_test","generative","42","conf_min_sc"
"generative-42-finer_ord-test-917","1.0","0","finer_ord_test","generative","42","conf_min_sc"
"generative-42-finer_ord-test-928","0.2","0","finer_ord_test","generative","42","conf_min_sc"
"generative-42-finer_ord-test-930","1.0","1","finer_ord_test","generative","42","conf_min_sc"
"generative-42-finer_ord-test-935","0.2","0","finer_ord_test","generative","42","conf_min_sc"
"generative-42-finer_ord-test-936","0.0","0","finer_ord_test","generative","42","conf_min_sc"
"generative-42-finer_ord-test-938","0.4","0","finer_ord_test","generative","42","conf_min_sc"
"generative-42-finer_ord-test-941","1.0","1","finer_ord_test","generative","42","conf_min_sc"
"generative-42-finer_ord-test-943","0.6","0","finer_ord_test","generative","42","conf_min_sc"
"generative-42-finer_ord-test-949","1.0","1","finer_ord_test","generative","42","conf_min_sc"
"generative-42-finer_ord-test-951","1.0","1","finer_ord_test","generative","42","conf_min_sc"
"generative-42-finer_ord-test-954","1.0","0","finer_ord_test","generative","42","conf_min_sc"
"generative-42-finer_ord-test-958","1.0","1","finer_ord_test","generative","42","conf_min_sc"
"generative-42-finer_ord-test-964","0.2","0","finer_ord_test","generative","42","conf_min_sc"
"generative-42-finer_ord-test-967","1.0","1","finer_ord_test","generative","42","conf_min_sc"
"generative-42-finer_ord-test-968","1.0","0","finer_ord_test","generative","42","conf_min_sc"
"generative-42-finer_ord-test-971","1.0","0","finer_ord_test","generative","42","conf_min_sc"
"generative-42-finer_ord-test-974","1.0","1","finer_ord_test","generative","42","conf_min_sc"
"generative-42-finer_ord-test-978","1.0","1","finer_ord_test","generative","42","conf_min_sc"
"generative-42-finer_ord-test-982","1.0","0","finer_ord_test","generative","42","conf_min_sc"
"generative-42-finer_ord-test-983","0.2","0","finer_ord_test","generative","42","conf_min_sc"
"generative-42-finer_ord-test-985","1.0","0","finer_ord_test","generative","42","conf_min_sc"
"generative-42-finer_ord-test-991","0.0","0","finer_ord_test","generative","42","conf_min_sc"
"generative-42-finer_ord-test-993","1.0","0","finer_ord_test","generative","42","conf_min_sc"
"generative-42-finer_ord-test-994","1.0","0","finer_ord_test","generative","42","conf_min_sc"
"generative-42-finer_ord-test-995","1.0","0","finer_ord_test","generative","42","conf_min_sc"
"generative-42-finer_ord-test-996","1.0","1","finer_ord_test","generative","42","conf_min_sc"
"generative-42-finer_ord-test-1004","0.6","0","finer_ord_test","generative","42","conf_min_sc"
"generative-42-finer_ord-test-1009","1.0","0","finer_ord_test","generative","42","conf_min_sc"
"generative-42-finer_ord-test-1015","1.0","1","finer_ord_test","generative","42","conf_min_sc"
"generative-42-finer_ord-test-1016","1.0","0","finer_ord_test","generative","42","conf_min_sc"
"generative-42-finer_ord-test-1022","1.0","0","finer_ord_test","generative","42","conf_min_sc"
"generative-42-finer_ord-test-1023","1.0","1","finer_ord_test","generative","42","conf_min_sc"
"generative-42-finer_ord-test-1025","1.0","1","finer_ord_test","generative","42","conf_min_sc"
"generative-42-finer_ord-test-1027","1.0","1","finer_ord_test","generative","42","conf_min_sc"
"generative-42-finer_ord-test-1030","0.4","0","finer_ord_test","generative","42","conf_min_sc"
"generative-42-finer_ord-test-1032","0.0","0","finer_ord_test","generative","42","conf_min_sc"
"generative-42-finer_ord-test-1034","1.0","1","finer_ord_test","generative","42","conf_min_sc"
"generative-42-finer_ord-test-1037","1.0","1","finer_ord_test","generative","42","conf_min_sc"
"generative-42-finer_ord-test-1040","0.6","0","finer_ord_test","generative","42","conf_min_sc"
"generative-42-finer_ord-test-1042","0.0","0","finer_ord_test","generative","42","conf_min_sc"
"generative-42-finer_ord-test-1045","0.0","0","finer_ord_test","generative","42","conf_min_sc"
"generative-42-finer_ord-test-1053","1.0","0","finer_ord_test","generative","42","conf_min_sc"
"generative-42-finer_ord-test-1054","1.0","1","finer_ord_test","generative","42","conf_min_sc"
"generative-42-finer_ord-test-1055","1.0","0","finer_ord_test","generative","42","conf_min_sc"
"generative-42-finer_ord-test-1056","1.0","0","finer_ord_test","generative","42","conf_min_sc"
"generative-42-finer_ord-test-1062","1.0","0","finer_ord_test","generative","42","conf_min_sc"
"generative-42-finer_ord-test-1063","1.0","0","finer_ord_test","generative","42","conf_min_sc"
"generative-42-finer_ord-test-1067","1.0","0","finer_ord_test","generative","42","conf_min_sc"
"generative-42-tweetner7-test2021-0","1.0","0","tweetner7_test","generative","42","conf_min_sc"
"generative-42-tweetner7-test2021-11","1.0","0","tweetner7_test","generative","42","conf_min_sc"
"generative-42-tweetner7-test2021-14","0.0","0","tweetner7_test","generative","42","conf_min_sc"
"generative-42-tweetner7-test2021-24","1.0","0","tweetner7_test","generative","42","conf_min_sc"
"generative-42-tweetner7-test2021-26","0.0","1","tweetner7_test","generative","42","conf_min_sc"
"generative-42-tweetner7-test2021-37","1.0","0","tweetner7_test","generative","42","conf_min_sc"
"generative-42-tweetner7-test2021-53","1.0","0","tweetner7_test","generative","42","conf_min_sc"
"generative-42-tweetner7-test2021-54","0.2","0","tweetner7_test","generative","42","conf_min_sc"
"generative-42-tweetner7-test2021-56","1.0","0","tweetner7_test","generative","42","conf_min_sc"
"generative-42-tweetner7-test2021-63","0.4","0","tweetner7_test","generative","42","conf_min_sc"
"generative-42-tweetner7-test2021-72","1.0","0","tweetner7_test","generative","42","conf_min_sc"
"generative-42-tweetner7-test2021-78","0.4","0","tweetner7_test","generative","42","conf_min_sc"
"generative-42-tweetner7-test2021-80","1.0","0","tweetner7_test","generative","42","conf_min_sc"
"generative-42-tweetner7-test2021-84","1.0","0","tweetner7_test","generative","42","conf_min_sc"
"generative-42-tweetner7-test2021-94","0.6","0","tweetner7_test","generative","42","conf_min_sc"
"generative-42-tweetner7-test2021-101","1.0","0","tweetner7_test","generative","42","conf_min_sc"
"generative-42-tweetner7-test2021-102","1.0","0","tweetner7_test","generative","42","conf_min_sc"
"generative-42-tweetner7-test2021-111","0.4","0","tweetner7_test","generative","42","conf_min_sc"
"generative-42-tweetner7-test2021-112","0.4","1","tweetner7_test","generative","42","conf_min_sc"
"generative-42-tweetner7-test2021-119","0.2","0","tweetner7_test","generative","42","conf_min_sc"
"generative-42-tweetner7-test2021-134","1.0","0","tweetner7_test","generative","42","conf_min_sc"
"generative-42-tweetner7-test2021-138","1.0","0","tweetner7_test","generative","42","conf_min_sc"
"generative-42-tweetner7-test2021-170","1.0","0","tweetner7_test","generative","42","conf_min_sc"
"generative-42-tweetner7-test2021-178","1.0","0","tweetner7_test","generative","42","conf_min_sc"
"generative-42-tweetner7-test2021-194","1.0","0","tweetner7_test","generative","42","conf_min_sc"
"generative-42-tweetner7-test2021-204","0.0","0","tweetner7_test","generative","42","conf_min_sc"
"generative-42-tweetner7-test2021-219","0.4","1","tweetner7_test","generative","42","conf_min_sc"
"generative-42-tweetner7-test2021-226","0.0","0","tweetner7_test","generative","42","conf_min_sc"
"generative-42-tweetner7-test2021-235","0.2","0","tweetner7_test","generative","42","conf_min_sc"
"generative-42-tweetner7-test2021-242","1.0","0","tweetner7_test","generative","42","conf_min_sc"
"generative-42-tweetner7-test2021-245","0.4","0","tweetner7_test","generative","42","conf_min_sc"
"generative-42-tweetner7-test2021-251","0.4","0","tweetner7_test","generative","42","conf_min_sc"
"generative-42-tweetner7-test2021-264","0.0","0","tweetner7_test","generative","42","conf_min_sc"
"generative-42-tweetner7-test2021-267","1.0","0","tweetner7_test","generative","42","conf_min_sc"
"generative-42-tweetner7-test2021-279","1.0","0","tweetner7_test","generative","42","conf_min_sc"
"generative-42-tweetner7-test2021-288","1.0","0","tweetner7_test","generative","42","conf_min_sc"
"generative-42-tweetner7-test2021-306","0.2","1","tweetner7_test","generative","42","conf_min_sc"
"generative-42-tweetner7-test2021-309","0.6","0","tweetner7_test","generative","42","conf_min_sc"
"generative-42-tweetner7-test2021-321","1.0","0","tweetner7_test","generative","42","conf_min_sc"
"generative-42-tweetner7-test2021-338","0.6","0","tweetner7_test","generative","42","conf_min_sc"
"generative-42-tweetner7-test2021-353","0.2","0","tweetner7_test","generative","42","conf_min_sc"
"generative-42-tweetner7-test2021-356","0.0","0","tweetner7_test","generative","42","conf_min_sc"
"generative-42-tweetner7-test2021-361","1.0","0","tweetner7_test","generative","42","conf_min_sc"
"generative-42-tweetner7-test2021-365","1.0","0","tweetner7_test","generative","42","conf_min_sc"
"generative-42-tweetner7-test2021-370","1.0","0","tweetner7_test","generative","42","conf_min_sc"
"generative-42-tweetner7-test2021-387","0.0","0","tweetner7_test","generative","42","conf_min_sc"
"generative-42-tweetner7-test2021-396","0.4","0","tweetner7_test","generative","42","conf_min_sc"
"generative-42-tweetner7-test2021-407","0.0","0","tweetner7_test","generative","42","conf_min_sc"
"generative-42-tweetner7-test2021-411","0.0","0","tweetner7_test","generative","42","conf_min_sc"
"generative-42-tweetner7-test2021-415","1.0","0","tweetner7_test","generative","42","conf_min_sc"
"generative-42-tweetner7-test2021-416","1.0","0","tweetner7_test","generative","42","conf_min_sc"
"generative-42-tweetner7-test2021-435","0.2","0","tweetner7_test","generative","42","conf_min_sc"
"generative-42-tweetner7-test2021-446","0.2","0","tweetner7_test","generative","42","conf_min_sc"
"generative-42-tweetner7-test2021-454","0.0","0","tweetner7_test","generative","42","conf_min_sc"
"generative-42-tweetner7-test2021-474","1.0","0","tweetner7_test","generative","42","conf_min_sc"
"generative-42-tweetner7-test2021-484","0.0","0","tweetner7_test","generative","42","conf_min_sc"
"generative-42-tweetner7-test2021-486","0.0","0","tweetner7_test","generative","42","conf_min_sc"
"generative-42-tweetner7-test2021-490","0.0","0","tweetner7_test","generative","42","conf_min_sc"
"generative-42-tweetner7-test2021-503","0.4","0","tweetner7_test","generative","42","conf_min_sc"
"generative-42-tweetner7-test2021-512","0.0","0","tweetner7_test","generative","42","conf_min_sc"
"generative-42-tweetner7-test2021-521","1.0","0","tweetner7_test","generative","42","conf_min_sc"
"generative-42-tweetner7-test2021-522","1.0","0","tweetner7_test","generative","42","conf_min_sc"
"generative-42-tweetner7-test2021-528","0.0","0","tweetner7_test","generative","42","conf_min_sc"
"generative-42-tweetner7-test2021-559","1.0","0","tweetner7_test","generative","42","conf_min_sc"
"generative-42-tweetner7-test2021-562","0.4","0","tweetner7_test","generative","42","conf_min_sc"
"generative-42-tweetner7-test2021-583","0.6","0","tweetner7_test","generative","42","conf_min_sc"
"generative-42-tweetner7-test2021-586","0.0","0","tweetner7_test","generative","42","conf_min_sc"
"generative-42-tweetner7-test2021-598","0.4","0","tweetner7_test","generative","42","conf_min_sc"
"generative-42-tweetner7-test2021-609","1.0","0","tweetner7_test","generative","42","conf_min_sc"
"generative-42-tweetner7-test2021-642","0.0","0","tweetner7_test","generative","42","conf_min_sc"
"generative-42-tweetner7-test2021-647","0.4","1","tweetner7_test","generative","42","conf_min_sc"
"generative-42-tweetner7-test2021-654","1.0","0","tweetner7_test","generative","42","conf_min_sc"
"generative-42-tweetner7-test2021-670","1.0","0","tweetner7_test","generative","42","conf_min_sc"
"generative-42-tweetner7-test2021-689","1.0","0","tweetner7_test","generative","42","conf_min_sc"
"generative-42-tweetner7-test2021-694","0.0","0","tweetner7_test","generative","42","conf_min_sc"
"generative-42-tweetner7-test2021-700","1.0","0","tweetner7_test","generative","42","conf_min_sc"
"generative-42-tweetner7-test2021-708","0.2","0","tweetner7_test","generative","42","conf_min_sc"
"generative-42-tweetner7-test2021-727","1.0","0","tweetner7_test","generative","42","conf_min_sc"
"generative-42-tweetner7-test2021-731","1.0","0","tweetner7_test","generative","42","conf_min_sc"
"generative-42-tweetner7-test2021-736","0.0","0","tweetner7_test","generative","42","conf_min_sc"
"generative-42-tweetner7-test2021-741","0.2","0","tweetner7_test","generative","42","conf_min_sc"
"generative-42-tweetner7-test2021-743","0.0","0","tweetner7_test","generative","42","conf_min_sc"
"generative-42-tweetner7-test2021-753","1.0","0","tweetner7_test","generative","42","conf_min_sc"
"generative-42-tweetner7-test2021-755","0.0","0","tweetner7_test","generative","42","conf_min_sc"
"generative-42-tweetner7-test2021-763","1.0","1","tweetner7_test","generative","42","conf_min_sc"
"generative-42-tweetner7-test2021-771","1.0","0","tweetner7_test","generative","42","conf_min_sc"
"generative-42-tweetner7-test2021-790","0.4","0","tweetner7_test","generative","42","conf_min_sc"
"generative-42-tweetner7-test2021-807","1.0","0","tweetner7_test","generative","42","conf_min_sc"
"generative-42-tweetner7-test2021-816","0.0","0","tweetner7_test","generative","42","conf_min_sc"
"generative-42-tweetner7-test2021-834","0.0","0","tweetner7_test","generative","42","conf_min_sc"
"generative-42-tweetner7-test2021-841","1.0","0","tweetner7_test","generative","42","conf_min_sc"
"generative-42-tweetner7-test2021-843","0.0","0","tweetner7_test","generative","42","conf_min_sc"
"generative-42-tweetner7-test2021-855","0.2","0","tweetner7_test","generative","42","conf_min_sc"
"generative-42-tweetner7-test2021-862","0.4","0","tweetner7_test","generative","42","conf_min_sc"
"generative-42-tweetner7-test2021-869","0.4","0","tweetner7_test","generative","42","conf_min_sc"
"generative-42-tweetner7-test2021-874","1.0","0","tweetner7_test","generative","42","conf_min_sc"
"generative-42-tweetner7-test2021-875","1.0","0","tweetner7_test","generative","42","conf_min_sc"
"generative-42-tweetner7-test2021-877","0.6","0","tweetner7_test","generative","42","conf_min_sc"
"generative-42-tweetner7-test2021-878","1.0","0","tweetner7_test","generative","42","conf_min_sc"
"generative-42-tweetner7-test2021-891","0.0","0","tweetner7_test","generative","42","conf_min_sc"
"generative-42-tweetner7-test2021-895","0.0","0","tweetner7_test","generative","42","conf_min_sc"
"generative-42-tweetner7-test2021-897","0.0","0","tweetner7_test","generative","42","conf_min_sc"
"generative-42-tweetner7-test2021-899","1.0","0","tweetner7_test","generative","42","conf_min_sc"
"generative-42-tweetner7-test2021-900","1.0","0","tweetner7_test","generative","42","conf_min_sc"
"generative-42-tweetner7-test2021-915","1.0","0","tweetner7_test","generative","42","conf_min_sc"
"generative-42-tweetner7-test2021-924","1.0","0","tweetner7_test","generative","42","conf_min_sc"
"generative-42-tweetner7-test2021-949","1.0","0","tweetner7_test","generative","42","conf_min_sc"
"generative-42-tweetner7-test2021-962","1.0","0","tweetner7_test","generative","42","conf_min_sc"
"generative-42-tweetner7-test2021-967","0.0","0","tweetner7_test","generative","42","conf_min_sc"
"generative-42-tweetner7-test2021-971","0.4","0","tweetner7_test","generative","42","conf_min_sc"
"generative-42-tweetner7-test2021-990","1.0","0","tweetner7_test","generative","42","conf_min_sc"
"generative-42-tweetner7-test2021-1007","0.0","0","tweetner7_test","generative","42","conf_min_sc"
"generative-42-tweetner7-test2021-1028","0.0","0","tweetner7_test","generative","42","conf_min_sc"
"generative-42-tweetner7-test2021-1035","0.8","0","tweetner7_test","generative","42","conf_min_sc"
"generative-42-tweetner7-test2021-1036","0.2","0","tweetner7_test","generative","42","conf_min_sc"
"generative-42-tweetner7-test2021-1038","1.0","0","tweetner7_test","generative","42","conf_min_sc"
"generative-42-tweetner7-test2021-1043","1.0","0","tweetner7_test","generative","42","conf_min_sc"
"generative-42-tweetner7-test2021-1053","0.0","0","tweetner7_test","generative","42","conf_min_sc"
"generative-42-tweetner7-test2021-1064","0.8","0","tweetner7_test","generative","42","conf_min_sc"
"generative-42-tweetner7-test2021-1073","0.2","0","tweetner7_test","generative","42","conf_min_sc"
"generative-42-tweetner7-test2021-1082","1.0","1","tweetner7_test","generative","42","conf_min_sc"
"generative-42-tweetner7-test2021-1091","1.0","0","tweetner7_test","generative","42","conf_min_sc"
"generative-42-tweetner7-test2021-1094","1.0","0","tweetner7_test","generative","42","conf_min_sc"
"generative-42-tweetner7-test2021-1101","0.0","0","tweetner7_test","generative","42","conf_min_sc"
"generative-42-tweetner7-test2021-1134","0.2","0","tweetner7_test","generative","42","conf_min_sc"
"generative-42-tweetner7-test2021-1148","0.0","0","tweetner7_test","generative","42","conf_min_sc"
"generative-42-tweetner7-test2021-1153","0.6","0","tweetner7_test","generative","42","conf_min_sc"
"generative-42-tweetner7-test2021-1157","1.0","0","tweetner7_test","generative","42","conf_min_sc"
"generative-42-tweetner7-test2021-1158","1.0","0","tweetner7_test","generative","42","conf_min_sc"
"generative-42-tweetner7-test2021-1163","1.0","0","tweetner7_test","generative","42","conf_min_sc"
"generative-42-tweetner7-test2021-1172","1.0","0","tweetner7_test","generative","42","conf_min_sc"
"generative-42-tweetner7-test2021-1190","1.0","0","tweetner7_test","generative","42","conf_min_sc"
"generative-42-tweetner7-test2021-1195","1.0","0","tweetner7_test","generative","42","conf_min_sc"
"generative-42-tweetner7-test2021-1225","0.4","0","tweetner7_test","generative","42","conf_min_sc"
"generative-42-tweetner7-test2021-1252","1.0","0","tweetner7_test","generative","42","conf_min_sc"
"generative-42-tweetner7-test2021-1264","1.0","0","tweetner7_test","generative","42","conf_min_sc"
"generative-42-tweetner7-test2021-1265","0.0","0","tweetner7_test","generative","42","conf_min_sc"
"generative-42-tweetner7-test2021-1266","1.0","0","tweetner7_test","generative","42","conf_min_sc"
"generative-42-tweetner7-test2021-1279","0.2","0","tweetner7_test","generative","42","conf_min_sc"
"generative-42-tweetner7-test2021-1280","1.0","0","tweetner7_test","generative","42","conf_min_sc"
"generative-42-tweetner7-test2021-1283","1.0","0","tweetner7_test","generative","42","conf_min_sc"
"generative-42-tweetner7-test2021-1284","1.0","0","tweetner7_test","generative","42","conf_min_sc"
"generative-42-tweetner7-test2021-1290","1.0","0","tweetner7_test","generative","42","conf_min_sc"
"generative-42-tweetner7-test2021-1293","0.0","0","tweetner7_test","generative","42","conf_min_sc"
"generative-42-tweetner7-test2021-1309","0.2","0","tweetner7_test","generative","42","conf_min_sc"
"generative-42-tweetner7-test2021-1318","1.0","0","tweetner7_test","generative","42","conf_min_sc"
"generative-42-tweetner7-test2021-1325","0.2","0","tweetner7_test","generative","42","conf_min_sc"
"generative-42-tweetner7-test2021-1338","0.0","0","tweetner7_test","generative","42","conf_min_sc"
"generative-42-tweetner7-test2021-1357","0.0","0","tweetner7_test","generative","42","conf_min_sc"
"generative-42-tweetner7-test2021-1370","1.0","0","tweetner7_test","generative","42","conf_min_sc"
"generative-42-tweetner7-test2021-1376","0.2","0","tweetner7_test","generative","42","conf_min_sc"
"generative-42-tweetner7-test2021-1379","0.2","0","tweetner7_test","generative","42","conf_min_sc"
"generative-42-tweetner7-test2021-1382","1.0","0","tweetner7_test","generative","42","conf_min_sc"
"generative-42-tweetner7-test2021-1394","0.4","1","tweetner7_test","generative","42","conf_min_sc"
"generative-42-tweetner7-test2021-1397","0.0","0","tweetner7_test","generative","42","conf_min_sc"
"generative-42-tweetner7-test2021-1399","0.4","0","tweetner7_test","generative","42","conf_min_sc"
"generative-42-tweetner7-test2021-1401","1.0","0","tweetner7_test","generative","42","conf_min_sc"
"generative-42-tweetner7-test2021-1410","0.0","0","tweetner7_test","generative","42","conf_min_sc"
"generative-42-tweetner7-test2021-1412","1.0","0","tweetner7_test","generative","42","conf_min_sc"
"generative-42-tweetner7-test2021-1422","0.8","0","tweetner7_test","generative","42","conf_min_sc"
"generative-42-tweetner7-test2021-1424","0.2","0","tweetner7_test","generative","42","conf_min_sc"
"generative-42-tweetner7-test2021-1432","1.0","0","tweetner7_test","generative","42","conf_min_sc"
"generative-42-tweetner7-test2021-1433","0.2","0","tweetner7_test","generative","42","conf_min_sc"
"generative-42-tweetner7-test2021-1437","1.0","0","tweetner7_test","generative","42","conf_min_sc"
"generative-42-tweetner7-test2021-1438","0.2","0","tweetner7_test","generative","42","conf_min_sc"
"generative-42-tweetner7-test2021-1443","0.2","0","tweetner7_test","generative","42","conf_min_sc"
"generative-42-tweetner7-test2021-1447","1.0","0","tweetner7_test","generative","42","conf_min_sc"
"generative-42-tweetner7-test2021-1455","0.0","0","tweetner7_test","generative","42","conf_min_sc"
"generative-42-tweetner7-test2021-1478","0.4","0","tweetner7_test","generative","42","conf_min_sc"
"generative-42-tweetner7-test2021-1510","1.0","0","tweetner7_test","generative","42","conf_min_sc"
"generative-42-tweetner7-test2021-1512","1.0","0","tweetner7_test","generative","42","conf_min_sc"
"generative-42-tweetner7-test2021-1515","0.2","0","tweetner7_test","generative","42","conf_min_sc"
"generative-42-tweetner7-test2021-1517","1.0","0","tweetner7_test","generative","42","conf_min_sc"
"generative-42-tweetner7-test2021-1522","1.0","0","tweetner7_test","generative","42","conf_min_sc"
"generative-42-tweetner7-test2021-1530","0.8","0","tweetner7_test","generative","42","conf_min_sc"
"generative-42-tweetner7-test2021-1577","1.0","0","tweetner7_test","generative","42","conf_min_sc"
"generative-42-tweetner7-test2021-1598","0.4","1","tweetner7_test","generative","42","conf_min_sc"
"generative-42-tweetner7-test2021-1613","0.2","0","tweetner7_test","generative","42","conf_min_sc"
"generative-42-tweetner7-test2021-1644","0.0","0","tweetner7_test","generative","42","conf_min_sc"
"generative-42-tweetner7-test2021-1650","0.2","0","tweetner7_test","generative","42","conf_min_sc"
"generative-42-tweetner7-test2021-1654","0.2","0","tweetner7_test","generative","42","conf_min_sc"
"generative-42-tweetner7-test2021-1663","0.6","0","tweetner7_test","generative","42","conf_min_sc"
"generative-42-tweetner7-test2021-1691","0.6","0","tweetner7_test","generative","42","conf_min_sc"
"generative-42-tweetner7-test2021-1692","0.0","0","tweetner7_test","generative","42","conf_min_sc"
"generative-42-tweetner7-test2021-1710","0.0","0","tweetner7_test","generative","42","conf_min_sc"
"generative-42-tweetner7-test2021-1720","0.2","0","tweetner7_test","generative","42","conf_min_sc"
"generative-42-tweetner7-test2021-1723","1.0","0","tweetner7_test","generative","42","conf_min_sc"
"generative-42-tweetner7-test2021-1728","1.0","0","tweetner7_test","generative","42","conf_min_sc"
"generative-42-tweetner7-test2021-1735","1.0","0","tweetner7_test","generative","42","conf_min_sc"
"generative-42-tweetner7-test2021-1751","0.2","0","tweetner7_test","generative","42","conf_min_sc"
"generative-42-tweetner7-test2021-1776","1.0","0","tweetner7_test","generative","42","conf_min_sc"
"generative-42-tweetner7-test2021-1791","1.0","0","tweetner7_test","generative","42","conf_min_sc"
"generative-42-tweetner7-test2021-1797","1.0","0","tweetner7_test","generative","42","conf_min_sc"
"generative-42-tweetner7-test2021-1798","0.2","0","tweetner7_test","generative","42","conf_min_sc"
"generative-42-tweetner7-test2021-1804","1.0","0","tweetner7_test","generative","42","conf_min_sc"
"generative-42-tweetner7-test2021-1811","1.0","0","tweetner7_test","generative","42","conf_min_sc"
"generative-42-tweetner7-test2021-1814","1.0","0","tweetner7_test","generative","42","conf_min_sc"
"generative-42-tweetner7-test2021-1841","0.0","0","tweetner7_test","generative","42","conf_min_sc"
"generative-42-tweetner7-test2021-1879","0.0","0","tweetner7_test","generative","42","conf_min_sc"
"generative-42-tweetner7-test2021-1884","0.2","0","tweetner7_test","generative","42","conf_min_sc"
"generative-42-tweetner7-test2021-1887","0.0","0","tweetner7_test","generative","42","conf_min_sc"
"generative-42-tweetner7-test2021-1893","0.2","0","tweetner7_test","generative","42","conf_min_sc"
"generative-42-tweetner7-test2021-1900","0.2","0","tweetner7_test","generative","42","conf_min_sc"
"generative-42-tweetner7-test2021-1904","1.0","0","tweetner7_test","generative","42","conf_min_sc"
"generative-42-tweetner7-test2021-1913","0.0","0","tweetner7_test","generative","42","conf_min_sc"
"generative-42-tweetner7-test2021-1916","0.8","0","tweetner7_test","generative","42","conf_min_sc"
"generative-42-tweetner7-test2021-1936","0.4","0","tweetner7_test","generative","42","conf_min_sc"
"generative-42-tweetner7-test2021-1945","0.6","1","tweetner7_test","generative","42","conf_min_sc"
"generative-42-tweetner7-test2021-1966","1.0","1","tweetner7_test","generative","42","conf_min_sc"
"generative-42-tweetner7-test2021-1970","1.0","0","tweetner7_test","generative","42","conf_min_sc"
"generative-42-tweetner7-test2021-1971","1.0","0","tweetner7_test","generative","42","conf_min_sc"
"generative-42-tweetner7-test2021-1979","1.0","0","tweetner7_test","generative","42","conf_min_sc"
"generative-42-tweetner7-test2021-1984","1.0","0","tweetner7_test","generative","42","conf_min_sc"
"generative-42-tweetner7-test2021-2002","1.0","0","tweetner7_test","generative","42","conf_min_sc"
"generative-42-tweetner7-test2021-2007","0.4","0","tweetner7_test","generative","42","conf_min_sc"
"generative-42-tweetner7-test2021-2015","0.4","0","tweetner7_test","generative","42","conf_min_sc"
"generative-42-tweetner7-test2021-2024","1.0","0","tweetner7_test","generative","42","conf_min_sc"
"generative-42-tweetner7-test2021-2049","1.0","0","tweetner7_test","generative","42","conf_min_sc"
"generative-42-tweetner7-test2021-2052","0.0","0","tweetner7_test","generative","42","conf_min_sc"
"generative-42-tweetner7-test2021-2085","1.0","0","tweetner7_test","generative","42","conf_min_sc"
"generative-42-tweetner7-test2021-2089","0.0","0","tweetner7_test","generative","42","conf_min_sc"
"generative-42-tweetner7-test2021-2093","1.0","0","tweetner7_test","generative","42","conf_min_sc"
"generative-42-tweetner7-test2021-2115","0.8","1","tweetner7_test","generative","42","conf_min_sc"
"generative-42-tweetner7-test2021-2131","1.0","0","tweetner7_test","generative","42","conf_min_sc"
"generative-42-tweetner7-test2021-2145","1.0","0","tweetner7_test","generative","42","conf_min_sc"
"generative-42-tweetner7-test2021-2161","0.0","0","tweetner7_test","generative","42","conf_min_sc"
"generative-42-tweetner7-test2021-2166","0.4","0","tweetner7_test","generative","42","conf_min_sc"
"generative-42-tweetner7-test2021-2175","0.4","0","tweetner7_test","generative","42","conf_min_sc"
"generative-42-tweetner7-test2021-2196","0.0","0","tweetner7_test","generative","42","conf_min_sc"
"generative-42-tweetner7-test2021-2202","0.2","0","tweetner7_test","generative","42","conf_min_sc"
"generative-42-tweetner7-test2021-2209","0.0","0","tweetner7_test","generative","42","conf_min_sc"
"generative-42-tweetner7-test2021-2214","0.8","0","tweetner7_test","generative","42","conf_min_sc"
"generative-42-tweetner7-test2021-2238","1.0","0","tweetner7_test","generative","42","conf_min_sc"
"generative-42-tweetner7-test2021-2249","1.0","0","tweetner7_test","generative","42","conf_min_sc"
"generative-42-tweetner7-test2021-2256","0.2","0","tweetner7_test","generative","42","conf_min_sc"
"generative-42-tweetner7-test2021-2257","0.0","0","tweetner7_test","generative","42","conf_min_sc"
"generative-42-tweetner7-test2021-2263","0.0","0","tweetner7_test","generative","42","conf_min_sc"
"generative-42-tweetner7-test2021-2277","0.6","0","tweetner7_test","generative","42","conf_min_sc"
"generative-42-tweetner7-test2021-2286","1.0","0","tweetner7_test","generative","42","conf_min_sc"
"generative-42-tweetner7-test2021-2289","1.0","0","tweetner7_test","generative","42","conf_min_sc"
"generative-42-tweetner7-test2021-2304","0.2","0","tweetner7_test","generative","42","conf_min_sc"
"generative-42-tweetner7-test2021-2328","0.4","1","tweetner7_test","generative","42","conf_min_sc"
"generative-42-tweetner7-test2021-2342","1.0","0","tweetner7_test","generative","42","conf_min_sc"
"generative-42-tweetner7-test2021-2352","1.0","0","tweetner7_test","generative","42","conf_min_sc"
"generative-42-tweetner7-test2021-2360","1.0","0","tweetner7_test","generative","42","conf_min_sc"
"generative-42-tweetner7-test2021-2375","0.8","0","tweetner7_test","generative","42","conf_min_sc"
"generative-42-tweetner7-test2021-2388","0.0","0","tweetner7_test","generative","42","conf_min_sc"
"generative-42-tweetner7-test2021-2396","1.0","0","tweetner7_test","generative","42","conf_min_sc"
"generative-42-tweetner7-test2021-2404","1.0","0","tweetner7_test","generative","42","conf_min_sc"
"generative-42-tweetner7-test2021-2408","0.0","0","tweetner7_test","generative","42","conf_min_sc"
"generative-42-tweetner7-test2021-2415","0.4","0","tweetner7_test","generative","42","conf_min_sc"
"generative-42-tweetner7-test2021-2419","0.2","0","tweetner7_test","generative","42","conf_min_sc"
"generative-42-tweetner7-test2021-2422","1.0","0","tweetner7_test","generative","42","conf_min_sc"
"generative-42-tweetner7-test2021-2426","0.8","0","tweetner7_test","generative","42","conf_min_sc"
"generative-42-tweetner7-test2021-2432","1.0","0","tweetner7_test","generative","42","conf_min_sc"
"generative-42-tweetner7-test2021-2435","1.0","0","tweetner7_test","generative","42","conf_min_sc"
"generative-42-tweetner7-test2021-2446","0.4","0","tweetner7_test","generative","42","conf_min_sc"
"generative-42-tweetner7-test2021-2450","0.4","0","tweetner7_test","generative","42","conf_min_sc"
"generative-42-tweetner7-test2021-2462","0.0","0","tweetner7_test","generative","42","conf_min_sc"
"generative-42-tweetner7-test2021-2480","1.0","0","tweetner7_test","generative","42","conf_min_sc"
"generative-42-tweetner7-test2021-2481","0.0","0","tweetner7_test","generative","42","conf_min_sc"
"generative-42-tweetner7-test2021-2497","1.0","0","tweetner7_test","generative","42","conf_min_sc"
"generative-42-tweetner7-test2021-2518","0.4","0","tweetner7_test","generative","42","conf_min_sc"
"generative-42-tweetner7-test2021-2526","1.0","0","tweetner7_test","generative","42","conf_min_sc"
"generative-42-tweetner7-test2021-2535","0.0","1","tweetner7_test","generative","42","conf_min_sc"
"generative-42-tweetner7-test2021-2558","0.4","0","tweetner7_test","generative","42","conf_min_sc"
"generative-42-tweetner7-test2021-2562","1.0","0","tweetner7_test","generative","42","conf_min_sc"
"generative-42-tweetner7-test2021-2569","1.0","0","tweetner7_test","generative","42","conf_min_sc"
"generative-42-tweetner7-test2021-2578","1.0","0","tweetner7_test","generative","42","conf_min_sc"
"generative-42-tweetner7-test2021-2580","1.0","0","tweetner7_test","generative","42","conf_min_sc"
"generative-42-tweetner7-test2021-2589","1.0","0","tweetner7_test","generative","42","conf_min_sc"
"generative-42-tweetner7-test2021-2596","1.0","0","tweetner7_test","generative","42","conf_min_sc"
"generative-42-tweetner7-test2021-2599","1.0","0","tweetner7_test","generative","42","conf_min_sc"
"generative-42-tweetner7-test2021-2603","0.2","0","tweetner7_test","generative","42","conf_min_sc"
"generative-42-tweetner7-test2021-2604","0.2","1","tweetner7_test","generative","42","conf_min_sc"
"generative-42-tweetner7-test2021-2606","0.0","0","tweetner7_test","generative","42","conf_min_sc"
"generative-42-tweetner7-test2021-2615","0.2","0","tweetner7_test","generative","42","conf_min_sc"
"generative-42-tweetner7-test2021-2624","1.0","0","tweetner7_test","generative","42","conf_min_sc"
"generative-42-tweetner7-test2021-2658","0.8","0","tweetner7_test","generative","42","conf_min_sc"
"generative-42-tweetner7-test2021-2661","0.4","1","tweetner7_test","generative","42","conf_min_sc"
"generative-42-tweetner7-test2021-2667","0.4","0","tweetner7_test","generative","42","conf_min_sc"
"generative-42-tweetner7-test2021-2668","0.0","0","tweetner7_test","generative","42","conf_min_sc"
"generative-42-tweetner7-test2021-2670","0.2","0","tweetner7_test","generative","42","conf_min_sc"
"generative-42-tweetner7-test2021-2680","1.0","0","tweetner7_test","generative","42","conf_min_sc"
"generative-42-tweetner7-test2021-2686","0.0","0","tweetner7_test","generative","42","conf_min_sc"
"generative-42-tweetner7-test2021-2692","1.0","0","tweetner7_test","generative","42","conf_min_sc"
"generative-42-tweetner7-test2021-2700","0.6","0","tweetner7_test","generative","42","conf_min_sc"
"generative-42-tweetner7-test2021-2709","0.0","1","tweetner7_test","generative","42","conf_min_sc"
"generative-42-tweetner7-test2021-2711","0.2","0","tweetner7_test","generative","42","conf_min_sc"
"generative-42-tweetner7-test2021-2719","1.0","0","tweetner7_test","generative","42","conf_min_sc"
"generative-42-tweetner7-test2021-2733","0.0","0","tweetner7_test","generative","42","conf_min_sc"
"generative-42-tweetner7-test2021-2746","1.0","0","tweetner7_test","generative","42","conf_min_sc"
"generative-42-tweetner7-test2021-2747","0.2","0","tweetner7_test","generative","42","conf_min_sc"
"generative-42-tweetner7-test2021-2748","0.0","0","tweetner7_test","generative","42","conf_min_sc"
"generative-42-tweetner7-test2021-2751","0.4","1","tweetner7_test","generative","42","conf_min_sc"
"generative-42-tweetner7-test2021-2755","0.6","1","tweetner7_test","generative","42","conf_min_sc"
"generative-42-tweetner7-test2021-2792","0.0","0","tweetner7_test","generative","42","conf_min_sc"
"generative-42-tweetner7-test2021-2795","1.0","0","tweetner7_test","generative","42","conf_min_sc"
"generative-42-tweetner7-test2021-2798","0.8","0","tweetner7_test","generative","42","conf_min_sc"
"generative-42-tweetner7-test2021-2803","1.0","1","tweetner7_test","generative","42","conf_min_sc"
